Year,Country,Latitude,Longitude,Depth,Magnitud
1960,PERU,-15.75,-72.75,160,7.8
1960,PERU,-15,-75,150,7
1960,CHINA,33.8,104.5,,5.3
1960,ALGERIA,36,4.1,33,5.6
1960,MOROCCO,30.45,-9.62,33,5.9
1960,JAPAN,39.8,143.4,20,7.5
1960,JAPAN,39.4,143.7,20,6.7
1960,CHINA,44.7,127,,5.8
1960,IRAN,27.814,54.497,15,5.9
1960,INDONESIA,-0.5,121.5,,
1960,CHILE,-37.872,-73.243,35,8.2
1960,CHILE,-38.143,-73.407,33,9.5
1960,GREECE,40,20,,6.5
1960,PAPUA NEW GUINEA,-9.4,152.3,33,6.6
1960,JAPAN,40.3,142.5,50,6.7
1960,ECUADOR,-1.5,-79,21,
1960,INDIA,28.6,76.7,58,
1960,CONGO,-3.6,29,28,6.6
1960,PHILIPPINES,11.1,122.3,,
1960,CHILE,-38.5,-75.1,55,7.4
1960,CHINA,32.7,103.7,,6.8
1960,PERU,-6.8,-80.7,93,6.7
1961,RUSSIA,50.016,156.099,59,6.6
1961,JAPAN,36,142.3,40,
1961,JAPAN,36,141.9,20,
1961,JAPAN,36.2,141.9,20,
1961,INDIA,24.9,93.34,141,7.6
1961,RUSSIA,43.2,147.9,80,
1961,JAPAN,31.6,131.8,74,7.3
1961,KERMADEC ISLANDS (NEW ZEALAND),-28.3,-175.7,40,7.5
1961,CHINA,30.5,110,,4.9
1961,INDONESIA,-8.2,122,74,6.5
1961,ITALY,38,15.3,,
1961,USA,34,-118,16,
1961,CHINA,39.8,77.7,,6.8
1961,TURKEY,36.7,28.5,,6.5
1961,ETHIOPIA,10.4,39.9,33,6.5
1961,IRAN,27.861,54.528,15,6.4
1961,CHINA,24.97,98.63,33,5.8
1961,COLOMBIA,8.9,-73.4,120,6.5
1961,IRAN,33.5,49.4,,
1961,CHINA,27.73,99.75,25,6
1961,JAPAN,29.6,131.8,60,
1961,VANUATU,-18.421,168.411,35,7.3
1961,SOLOMON ISLANDS,-9.849,160.614,25,6.4
1961,JAPAN,42.9,145.6,80,
1961,RUSSIA,46.338,149.548,154,6.7
1961,JAPAN,36,136.7,,7.3
1961,PERU,-10.5,-70.7,629,7.5
1961,SOUTH GEORGIA AND THE SOUTH SANDWICH ISLANDS,-59.5,-27.3,131,7.5
1961,SOUTH GEORGIA AND THE SOUTH SANDWICH ISLANDS,-58,-27,,7.7
1961,SOUTH GEORGIA AND THE SOUTH SANDWICH ISLANDS,-56.26,-27.283,105,7.7
1961,CHINA,34.33,104.78,,5.7
1961,IRAN,33.6,48.1,33,
1961,CHILE,-36.7,-73,15,6.5
1961,JAPAN,42.7,145.7,60,
1961,COLOMBIA,4.49,-75.51,163,6.8
1962,CROATIA,43.3,17.1,33,5.9
1962,CROATIA,43.3,17.1,33,6.1
1962,CHILE,-37.8,-72.5,45,7.3
1962,TUNISIA,36,9,,5.3
1962,PANAMA,8.008,-82.757,35,6.8
1962,ALBANIA,40.9,19.5,33,6
1962,CHINA,23.72,114.67,25,6.1
1962,IRAN,33.32,58.845,15,5.8
1962,JAPAN,38.073,142.741,25,7.2
1962,PERU,-10,-79,39,6.3
1962,CHINA,23.6,106.1,,5.5
1962,JAPAN,42.2,143.9,60,
1962,FRANCE,45,5.6,,5.3
1962,JAPAN,38.8,140.9,104,6.8
1962,MEXICO,17.2,-99.6,40,7
1962,MEXICO,17.2,-99.5,33,7.2
1962,CHINA,37.1,96,,6.8
1962,JAPAN,41.8,142.4,60,5.7
1962,GREECE,39.8,25,,4.5
1962,BOSNIA-HERZEGOVINA,43.6,18.3,,6.3
1962,CHINA,25.2,101.2,18,6.2
1962,PANAMA,7.5,-82,21,7.4
1962,COLOMBIA,5.2,-76.4,69,6.8
1962,CHINA,44.68,81.58,,6.4
1962,ITALY,41.4,15.5,34,6.1
1962,GREECE,37.8,22.9,100,6.8
1962,USA,41.8,-111.8,37,5.8
1962,IRAN,35.63,49.87,27,7.2
1962,TURKEY,39.9,43.9,,5.5
1962,GREECE,39.6,23.3,,5.5
1962,IRAN,35.1,58.7,8,5
1962,IRAN,28.1,55.6,40,5.5
1962,CHINA,38.12,106.27,,5.5
1962,USA,52.47,-168.54,33,6.5
1963,TAIWAN,24.5,122.1,47,7.3
1963,LIBYA,32.6,21,5,5.4
1963,IRAN,34.438,47.882,20,6
1963,ITALY,40.8,15.6,,
1963,IRAN,37,57.9,33,5
1963,CHINA,35.7,97,,7
1963,CHINA,25.8,99.5,,6
1963,NICARAGUA,12.2,-86.9,50,5.5
1963,INDONESIA,-8.2,115.6,65,6
1963,SLOVENIA,46.1,14.8,13,4.9
1963,CHINA,47.9,130.6,,5.8
1963,IRAN,33.2,49.2,38,
1963,MACEDONIA,42.1,21.3,5,6
1963,IRAN,27.8,55.6,37,5.2
1963,PERU,-13.8,-69.3,543,7.7
1963,CHINA,39.8,74.2,,6.5
1963,INDIA,33.9,74.8,25,5.3
1963,SOLOMON ISLANDS,-10.472,165.77,35,7.5
1963,SOLOMON ISLANDS,-10.286,165.413,28,7.5
1963,TURKEY,40.75,29,19,6.1
1963,PERU,-10.385,-78.022,75,7
1963,RUSSIA,44.426,149.272,48,7.1
1963,RUSSIA,44.77,149.798,13,8.5
1963,RUSSIA,44.772,150.563,28,7.9
1963,INDONESIA,-6.86,129.58,100,8.3
1963,INDONESIA,-6.4,105.4,64,6.6
1963,TONGA,-24.8,-176.6,45,7.5
1964,INDONESIA,-3.7,119.4,90,5.2
1964,TAIWAN,23.2,120.6,33,7
1964,CHINA,26.1,101,15,5.4
1964,AZORES (PORTUGAL),38.8,-28.4,33,4.6
1964,USA,61.017,-147.648,33,9.2
1964,INDONESIA,5.9,95.7,130,7
1964,CROATIA,45.3,18.1,32,6
1964,TANZANIA,-4,34.9,33,6
1964,JAPAN,40.3,139,30,6.9
1964,JAPAN,40.4,139,,6.6
1964,TURKEY,38.1,38.3,,6.1
1964,JAPAN,38.65,139.2,40,7.5
1964,VANUATU,-15.5,166.5,,7.5
1964,MEXICO,18.3,-100.4,100,7.4
1964,RUSSIA,47.159,153.876,15,6.8
1964,CHINA,35.1,111.6,,4.7
1964,TURKEY,40.3,28.2,15,7
1964,PAPUA NEW GUINEA,-5.7,150.7,45,7.6
1964,JAPAN,40.4,138.9,40,
1964,IRAN,27,54,,
1965,ALGERIA,35.7,4.4,10,5.5
1965,CHINA,35,111.63,10,5.5
1965,INDONESIA,-2.4,126.1,6,7.6
1965,USA,51.29,178.55,36,8.7
1965,IRAN,37.684,46.998,52,5.3
1965,CHILE,-25.67,-70.63,36,7
1965,GREECE,39.4,24,18,6.3
1965,AFGHANISTAN,36.3,70.7,219,7.3
1965,CHILE,-31.81,-71.26,58,6
1965,CHILE,-32.4,-71.2,61,7.3
1965,USA,50.32,177.93,20,7.6
1965,GREECE,38.6,22.4,78,7.1
1965,GREECE,37.7,21.8,34,6.2
1965,JAPAN,34.9,138,36,6
1965,USA,47.4,-122.3,59,6.6
1965,EL SALVADOR,13.5,-89.3,23,6
1965,RUSSIA,44.7,148.7,,7.2
1965,IRAN,28.1,55.9,40,6
1965,USA,53.03,-167.55,40,6.5
1965,CHINA,22.4,101.6,15,6.1
1965,GREECE,38.267,22.3,18,6.3
1965,VANUATU,-15.8,167.2,13,7.6
1965,VANUATU,-15.9,166.8,33,7.3
1965,MEXICO,16.3,-95.8,28,7.8
1965,CHILE,-42.9,-75.13,28,6.5
1965,CHINA,43.9,87.8,,6.6
1966,CHINA,27.9,99.7,,5.1
1966,GREECE,39.2,22,38,6.3
1966,CHINA,26.1,103.1,,6.5
1966,CHINA,26.1,103.1,,6.2
1966,CHINA,37.47,115.03,,5.2
1966,TURKEY,39.1,41.6,38,6
1966,CHINA,37.35,114.92,8,7.4
1966,TAIWAN,24.1,122.6,48,8
1966,CHINA,37.27,114.97,,5.6
1966,UGANDA,0.6,30.2,36,7
1966,CHINA,37.5,115.1,15,7.6
1966,CHINA,37.68,115.27,,6.2
1966,CHINA,37.25,114.78,,5.3
1966,UZBEKISTAN,41.2,69.1,,
1966,TURKEY,38,42.6,41,4.8
1966,SOLOMON ISLANDS,-10.343,160.883,31,7.1
1966,NEPAL,29.554,80.854,23,6.3
1966,TURKEY,38.5,41.3,,
1966,TURKEY,38.9,41.3,64,4.6
1966,RUSSIA,44.75,37,33,5.5
1966,INDIA,28.7,78.9,53,5.6
1966,TURKEY,39.2,41.6,24,6.8
1966,GREECE,37.5,22.1,17,5.9
1966,COLOMBIA,4.62,-73.98,15,5.3
1966,CHINA,24,97.7,,5.4
1966,VENEZUELA,10.8,-69.5,12,5
1966,CHINA,27.5,100.1,,6.4
1966,CHINA,43.83,125.12,,5.2
1966,PERU,-10.748,-78.638,38,8.1
1966,GREECE,39.2,21.2,20,5.7
1966,CHILE,-25.5,-70.7,47,7.8
1966,SOLOMON ISLANDS,-11.893,166.445,83,7.8
1966,SOLOMON ISLANDS,-12.334,166.684,23,7.2
1967,GREECE,38.4,22,10,6
1967,MONGOLIA,48.1,102.8,35,7.5
1967,CHINA,30.2,104.1,,5.5
1967,ALBANIA,40,20.2,33,5.6
1967,COLOMBIA,2.85,-74.8,55,7
1967,INDONESIA,-9.2,113.1,80,6.8
1967,RUSSIA,45.53,151.11,38,7
1967,CHINA,38.5,116.5,30,6.3
1967,INDONESIA,-3.7,119.3,33,5.5
1967,INDONESIA,5.5,97.3,100,6.1
1967,GREECE,39.5,21.2,55,5.9
1967,ALGERIA,35.5,-0.1,13,5
1967,TURKEY,40.7,30.8,4,7.3
1967,TURKEY,39.5,40.4,8,6.2
1967,COLOMBIA,6.747,-73.03,161,6.8
1967,VENEZUELA,10.559,-67.33,25,6.6
1967,FRANCE,43.2,-0.5,15,5.3
1967,PAPUA NEW GUINEA,-4.4,152.5,30,6.4
1967,CHINA,31.6,100.3,10,6.8
1967,PERU,-10.6,-79.8,40,7
1967,TAIWAN,24.5,122.2,65,7
1967,CHILE,-28.78,-71.19,35,5.9
1967,ALBANIA,41.5,20.5,29,6.5
1967,CHINA,37.717,115.217,25,5.7
1967,INDIA,17.412,73.885,15,6.6
1967,CHINA,36.467,111.217,30,5.4
1967,CHILE,-21.7,-69.5,33,7.5
1968,NICARAGUA,12.1,-86.2,5,4.6
1968,ITALY,37.9,13.1,33,6
1968,ITALY,37.8,13.2,33,5.1
1968,RUSSIA,43.586,146.701,40,7.3
1968,PAPUA NEW GUINEA,-5.5,153.2,74,7.8
1968,GREECE,39.368,24.957,15,7.2
1968,JAPAN,32,130.6,3,6.3
1968,ALGERIA,36.08,5.07,,4.9
1968,AZORES (PORTUGAL),37.7,-29.4,,7.6
1968,KENYA,-0.6,34.4,33,4.6
1968,JAPAN,32.3,132.5,30,7.5
1968,ITALY,44.08,8,7,4.6
1968,IRAN,39.253,44.203,34,5.6
1968,IRAN,39.3,44.4,,
1968,JAPAN,40.8,143.2,7,8.2
1968,JAPAN,41.5,142.7,33,7.5
1968,NEW ZEALAND,-41.7,172,21,7.1
1968,INDONESIA,-2.9,139.3,65,7.7
1968,ARMENIA,39.1,46.1,,5
1968,JAPAN,39.4,143.1,44,7.2
1968,PERU,-5.6,-77.2,33,7
1968,IRAN,29.8,51.2,32,5.3
1968,KERMADEC ISLANDS (NEW ZEALAND),-30.8,-178.4,60,7.3
1968,PHILIPPINES,16.5,122.2,36,7.3
1968,MEXICO,16.5,-97.8,36,7.5
1968,JAPAN,33.3,132.2,10,
1968,INDONESIA,1.4,126.2,25,7.6
1968,INDONESIA,0.2,119.8,23,7.4
1968,IRAN,34.158,59.083,13,7.1
1968,ARMENIA,39.1,46.2,24,5
1968,IRAN,34,58.2,15,6.2
1968,TURKEY,41.8,32.3,38,6.6
1968,VENEZUELA,10.697,-62.748,103,6.5
1968,TURKEY,39.2,40.1,14,5.1
1968,MEXICO,15.5,-92.7,114,5.7
1968,JAPAN,26.3,140.6,516,7.5
1968,AUSTRALIA,-31.6,117,5,6.9
1968,PAPUA NEW GUINEA,-3.4,143.3,21,7.5
1968,MONTENEGRO,42.1,19.3,17,5.3
1969,IRAN,37.14,57.899,11,5.5
1969,SOLOMON ISLANDS,-7.9,158.9,47,7.5
1969,JAPAN,45,143.2,204,7.6
1969,INDONESIA,4.8,127.4,70,7.5
1969,CHINA,41.45,79.367,10,6.3
1969,INDONESIA,-3.1,118.9,13,7.4
1969,PORTUGAL,36.017,-10.95,22,7.8
1969,TURKEY,39.2,28.5,12,5.6
1969,TURKEY,38.6,28.4,9,6.5
1969,ETHIOPIA,11.9,41.21,35,6.2
1969,EGYPT,27.7,34,33,7
1969,ALBANIA,40.7,19.8,33,5.5
1969,JAPAN,32.2,132.1,41,
1969,TURKEY,39.2,28.6,9,5.1
1969,CHINA,38.2,119.4,6,7.4
1969,PERU,-11.9,-75.1,1,5.9
1969,CHINA,22.317,111.8,5,6.4
1969,PAPUA NEW GUINEA,-6.6,146.9,17,5.4
1969,ITALY,43.2,12.4,33,4.7
1969,RUSSIA,43.6,147.9,30,8.2
1969,CHINA,39.7,74.8,,5.5
1969,SOUTH AFRICA,-32.9,19.7,33,6.3
1969,PERU,-11.7,-75.1,43,6.2
1969,USA,38.467,-122.692,10,4.8
1969,SOUTH AFRICA,-33.1,19.6,33,5.8
1969,BOSNIA-HERZEGOVINA,44.9,17.3,33,6
1969,BOSNIA-HERZEGOVINA,44.9,17.2,33,6.4
1969,INDONESIA,2.1,94.6,20,7.7
1969,RUSSIA,57.7,163.6,51,7.3
1969,ECUADOR,-0.8,-78.3,27,4.2
1969,GUADELOUPE,15.8,-59.7,7,7.2
1970,CHINA,24.1,102.5,31,7.8
1970,PHILIPPINES,6.8,126.7,73,7.6
1970,PHILIPPINES,12.6,122.1,11,7.1
1970,PERU,-9.9,-75.6,35,5.4
1970,USA,57.5,-153.9,29,6
1970,IRAN,38.6,44.7,23,4.8
1970,INDIA,21.7,73,3,5.4
1970,TURKEY,39.2,29.5,20,7.4
1970,PHILIPPINES,15.78,121.71,40,7.3
1970,TURKEY,39.1,28.7,18,5.7
1970,RUSSIA,43,47,17,5.7
1970,RUSSIA,43,47.1,44,6.5
1970,PERU,-9.2,-78.8,43,7.9
1970,KAZAKHSTAN,42.5,78.8,20,6.6
1970,AUSTRALIA,-59.1,157.8,33,7.6
1970,CHILE,-52,-73.8,10,6
1970,CHILE,-22.28,-70.55,44,6.4
1970,CANADA,51.8,-131,12,7.5
1970,TURKEY,38.8,36.7,27,4.9
1970,JAPAN,32.2,131.7,34,7
1970,IRAN,37.8,55.9,16,6.7
1970,PERU,-1.5,-72.6,651,7.1
1970,SOLOMON ISLANDS,-14.095,166.57,39,7.5
1970,CROATIA,44,16,5,5.5
1970,COLOMBIA,6.2,-77.6,8,6.6
1970,NEW ZEALAND,-44.64,173.62,,5.1
1970,PHILIPPINES,20.6,122,33,5.3
1970,PAPUA NEW GUINEA,-4.907,145.471,8,7.3
1970,CHILE,-20.94,-69.81,33,6
1970,RUSSIA,43.84,39.34,7,5.1
1970,PERU,-4,-80.7,25,7.6
1971,INDONESIA,-3.1,139.7,34,8.1
1971,INDONESIA,0.6,98.8,40,7.1
1971,ITALY,42.5,11.8,33,4.6
1971,USA,34.412,-118.4,8,6.5
1971,IRAN,36.6,55.6,39,5.3
1971,IRAN,29.8,51.9,10,5.1
1971,IRAN,28.363,55.737,44,6.1
1971,USA,51.4,-177.2,43,7.1
1971,TURKEY,37.6,29.8,23,5.9
1971,TURKEY,38.8,40.5,3,6.7
1971,DOMINICAN REPUBLIC,18,-69.8,57,6.1
1971,INDONESIA,-7.2,109.1,35,5.2
1971,CHILE,-25.5,-69.2,93,6.3
1971,CHILE,-32.5,-71.2,58,7.8
1971,PAPUA NEW GUINEA,-5.5,153.9,47,7.9
1971,ITALY,44.8,10.3,7,5.2
1971,PAPUA NEW GUINEA,-4.9,153.2,48,7.9
1971,PERU,-2.7,-77.4,135,6.3
1971,JAPAN,41.4,143.5,51,7.3
1971,IRAN,36.3,52.7,27,5.3
1971,CHINA,28.9,103.7,,5.9
1971,IRAN,30,50.7,45,4.8
1971,RUSSIA,46.5,141.2,9,7.1
1971,RUSSIA,46.7,141.4,29,5.5
1971,RUSSIA,46.4,141.2,6,6.6
1971,RUSSIA,46.3,140.9,16,6.2
1971,PAPUA NEW GUINEA,-6.5,146.6,115,7
1971,RUSSIA,46.4,141.1,21,6.1
1971,PERU,-14.1,-73.3,54,5.7
1971,VANUATU,-15.5,167.2,40,7.1
1971,USA,51.5,179.1,2,5.7
1971,RUSSIA,52.9,159.2,106,6.3
1971,RUSSIA,56,163.3,33,7.8
1972,TAIWAN,22.6,122.1,33,7.6
1972,TAIWAN,22.5,122.3,33,7.5
1972,TAIWAN,23,122.2,33,7.7
1972,ITALY,43.8,13.3,25,4.8
1972,IRAN,29.7,50.9,21,4.5
1972,JAPAN,33.3,140.8,56,7.2
1972,PERU,-6.8,-76.8,64,6.1
1972,IRAN,28.415,52.765,11,6.6
1972,TAIWAN,23.6,121.6,33,6.9
1972,PHILIPPINES,13.4,120.3,50,7.2
1972,CHILE,-30.5,-71.8,39,6.6
1972,INDONESIA,3.9,124.3,325,7.8
1972,ITALY,43.8,13.3,4,4.4
1972,AFGHANISTAN,36.2,69.7,47,6.1
1972,IRAN,30.1,50.8,31,5.3
1972,USA,56.82,-135.68,25,7.6
1972,SOLOMON SEA,-6,152.9,10,7.1
1972,PAKISTAN,36,73.4,36,6.2
1972,FRANCE,46,-1.1,33,5.3
1972,GREECE,37.9,22.4,83,6
1972,GREECE,38.3,20.3,33,6.3
1972,NEW CALEDONIA,-20,168.8,32,7
1972,PHILIPPINES,6.5,126.6,73,7.4
1972,JAPAN,33.3,140.7,66,7.4
1972,NICARAGUA,12.4,-86.1,5,6.2
1972,CHILE,-30.6,-71,60,5.4
1973,MEXICO,18.48,-103,43,7.5
1973,CHINA,31.4,100.58,33,7.6
1973,NEW ZEALAND,-39.58,176.57,38,5.1
1973,USA,34.1,-119,8,5.7
1973,IRAN,28.58,52.62,27,5.2
1973,RUSSIA,50.5,156.6,27,7.2
1973,AUSTRALIA,-34.13,150.27,13,5.5
1973,PHILIPPINES,13.4,122.8,33,7.5
1973,ETHIOPIA,11.66,43.03,31,5.9
1973,COSTA RICA,10.679,-84.759,33,6.5
1973,COLOMBIA,4.956,-78.144,50,6.5
1973,USA,19.936,-155.098,48,6.5
1973,JAPAN,43.2,145.8,48,7.7
1973,RUSSIA,43.3,146.4,50,7.1
1973,RUSSIA,43.2,146.6,50,6.6
1973,CHINA,35.18,86.48,33,7.5
1973,ITALY,37.66,15.167,,3.5
1973,MEXICO,18.27,-96.6,84,6.2
1973,CHILE,-32.5,-71.5,14,6.7
1973,ANTARCTICA,-60.82,-21.55,33,7.5
1973,GREECE,38.9,20.44,8,5.5
1973,IRAN,30.589,53.058,11,5.8
1973,AZORES (PORTUGAL),38.46,-28.31,5,5.1
1973,GREECE,35.18,23.8,26,5.6
1973,VANUATU,-14.46,166.6,26,7.5
1973,VANUATU,-15.12,166.9,47,7.2
1974,PERU,-12.3,-76.35,98,6.3
1974,SOLOMON ISLANDS,-7.5,155.9,34,7
1974,TURKEY,38.6,27,29,5.2
1974,SOLOMON ISLANDS,-7.4,155.6,40,7.1
1974,COLOMBIA,6.89,-72.93,24,5
1974,CHINA,31.6,119.2,16,5.5
1974,JAPAN,34.5,138.7,2,6.5
1974,CHINA,28.24,104.01,11,7.1
1974,VENEZUELA,10.56,-63.38,34,6.1
1974,SLOVENIA,44.97,15.53,7,4.5
1974,ARGENTINA,-22.124,-64.638,18,5.9
1974,MONGOLIA,45.14,94.03,33,6.7
1974,COLOMBIA,7.75,-77.69,12,7.3
1974,JAPAN,36,139.82,58,5.7
1974,CHILE,-38.5,-73.4,36,7.1
1974,GABON,-0.28,12.92,33,6.2
1974,RUSSIA,43.2,146.7,43,6.7
1974,PERU,-12.27,-77.79,13,8.1
1974,ANTIGUA AND BARBUDA,17.3,-62,47,7.5
1974,IRAN,28,55.8,36,5.4
1974,PAKISTAN,35.1,72.9,22,6.2
1975,RUSSIA,42.89,46.99,31,5.2
1975,INDONESIA,-5,130,,5.9
1975,INDIA,32.46,78.43,33,6.8
1975,JAPAN,33,131.1,10,5.8
1975,USA,53.11,173.5,10,7.6
1975,CHINA,40.64,122.58,33,7.4
1975,INDONESIA,-6.7,106.7,27,5.6
1975,IRAN,27.5,56.26,27,6.1
1975,CHILE,-29.9,-71.3,4,6.9
1975,TURKEY,40.42,26.14,5,6.7
1975,USA,42.06,-112.55,5,6
1975,VENEZUELA,10.04,-69.75,33,6.1
1975,JAPAN,33.19,131.3,7,6.1
1975,CHILE,-38.18,-73.23,6,7.7
1975,ATLANTIC OCEAN,35.962,-17.576,33,7.8
1975,RUSSIA,43.024,147.734,15,7
1975,MYANMAR (BURMA),21.49,94.7,157,6.5
1975,ALGERIA,36.32,5.241,30,4.3
1975,PAPUA NEW GUINEA,-6.59,155.054,49,7.9
1975,PAPUA NEW GUINEA,-7.104,155.152,44,7.7
1975,USA,39.439,-121.528,15,5.6
1975,TURKEY,38.474,40.723,26,6.7
1975,IRAN,31.549,51.062,33,5.5
1975,TONGA,-24.894,-175.119,9,7.8
1975,PHILIPPINES,12.54,125.993,50,7.6
1975,USA TERRITORY,13.843,144.754,113,6.1
1975,USA,19.451,-155.033,2,7.7
1975,FIJI,-18.672,178.464,33,4.9
1975,SAMOA,-16.265,-172.467,33,7.8
1975,GREECE,38.628,21.798,19,5.5
1976,ICELAND,66.16,-16.58,33,6.4
1976,KERMADEC ISLANDS (NEW ZEALAND),-29.208,-177.886,69,7.8
1976,KERMADEC ISLANDS (NEW ZEALAND),-28.427,-177.657,33,8
1976,RUSSIA,44.915,149.123,41,7
1976,GUATEMALA,15.324,-89.101,5,7.5
1976,GUATEMALA,14.767,-91.061,5,5.1
1976,AFGHANISTAN,36.61,67.79,33,5.5
1976,TURKEY,41.13,43.01,18,4.8
1976,UZBEKISTAN,40.31,63.77,33,7
1976,ECUADOR,0.78,-79.8,9,6.7
1976,TURKEY,40.89,42.85,44,5.5
1976,ITALY,46.356,13.275,9,6.5
1976,UZBEKISTAN,40.38,63.47,10,7
1976,CHINA,24.57,98.953,8,7.3
1976,CHINA,24.531,98.71,10,7.4
1976,MEXICO,17.4,-100.64,45,6.4
1976,INDONESIA,-4.603,140.091,33,7.1
1976,PANAMA,7.4,-78.1,22,6.7
1976,INDONESIA,-8.17,114.888,40,6.5
1976,MALAYSIA,4.96,118.31,33,6.2
1976,CHINA,39.57,117.98,23,7.5
1976,CHINA,39.664,118.401,26,7.4
1976,PHILIPPINES,6.292,124.09,33,8
1976,PHILIPPINES,7.249,122.939,22,6.8
1976,TURKEY,37.7,28.89,3,4.9
1976,ITALY,46.28,13.157,16,5.5
1976,ITALY,46.302,13.197,10,6
1976,ITALY,46.32,13.13,17,5.9
1976,INDONESIA,-4.517,139.918,33,7.1
1976,IRAN,33.846,59.208,13,6
1976,TURKEY,39.12,44.03,36,7.3
1976,AFGHANISTAN,36.51,71.04,190,6.1
1976,CHILE,-20.52,-68.92,82,7.3
1976,SOUTH AFRICA,-27.953,26.653,33,5.2
1976,TURKEY,39,44,,
1977,INDONESIA,-8.22,115.19,33,5.2
1977,TAJIKISTAN,40.04,70.85,20,5.9
1977,ROMANIA,45.777,26.703,89,7.5
1977,INDONESIA,0.45,100.02,22,6
1977,PHILIPPINES,16.77,122.33,37,7.3
1977,IRAN,27.584,56.378,29,6.7
1977,TURKEY,38.56,40.02,21,4.9
1977,SAMOA,-16.696,-172.095,33,7.6
1977,IRAN,31.845,50.711,41,6
1977,SOLOMON ISLANDS,-9.828,160.323,33,6.8
1977,SOLOMON ISLANDS,-9.89,160.348,19,7.6
1977,SOLOMON ISLANDS,-9.844,160.822,33,7.5
1977,SOLOMON ISLANDS,-9.965,160.731,33,8.1
1977,IRAN,38.934,44.38,37,5.4
1977,TURKEY,39,44,,
1977,TONGA,-22.878,-175.9,65,7.2
1977,SLOVENIA,46.29,14.29,6,4.6
1977,INDONESIA,-11.085,118.464,33,8
1977,PAPUA NEW GUINEA,-1.081,146.23,33,5.5
1977,COLOMBIA,7.34,-76.3,33,6.5
1977,TONGA,-25.856,-175.406,33,7.2
1977,ROMANIA,42.11,23.97,6,5.1
1977,IRAN,36.73,55.04,33,4.9
1977,ARGENTINA,-31.03,-67.77,13,7.4
1977,IRAN,30.94,56.53,31,5.9
1978,JAPAN,34.809,139.259,14,6.6
1978,KERMADEC ISLANDS (NEW ZEALAND),-30.68,-177.36,33,7.7
1978,TURKEY,39.69,39.79,33,4.5
1978,JAPAN,38.78,141.95,60,6.1
1978,ITALY,38.1,16.03,33,5
1978,PAKISTAN,29.926,66.302,33,5.9
1978,MEXICO,17.03,-99.74,36,6.6
1978,RUSSIA,44.026,149.002,33,6.7
1978,RUSSIA,44.14,149.029,33,6.6
1978,RUSSIA,44.209,148.971,46,6.8
1978,RUSSIA,44.932,148.439,33,7.5
1978,RUSSIA,44.244,148.862,33,7.6
1978,KAZAKHSTAN,42.839,78.606,33,7.1
1978,SERBIA,43.269,20.919,33,5.7
1978,ITALY,38.391,15.066,14,5.7
1978,GREECE,40.759,23.268,10,5.6
1978,JAPAN,35.1,132.6,4,4.9
1978,JAPAN,38.19,142.028,44,7.7
1978,PHILIPPINES,8.249,122.403,24,6.9
1978,GREECE,40.739,23.229,3,6.4
1978,ITALY,,,,
1978,TAIWAN,22.282,121.512,17,7.4
1978,GUATEMALA,14.843,-91.022,10,4.5
1978,CHILE,-26.51,-70.54,58,7
1978,USA,34.35,-119.7,7,5.6
1978,SPAIN,36.63,-6.871,30,4.4
1978,GERMANY,48.29,9.01,8,5.3
1978,IRAN,33.205,57.478,33,7.4
1978,UZBEKISTAN,39.35,72.61,7,6.8
1978,IRAN,37.684,48.996,34,6.3
1978,MEXICO,16.01,-96.591,18,7.7
1978,RUSSIA,44.592,146.581,91,7.5
1978,IRAN,32.112,49.68,33,6.1
1978,TAIWAN,23.247,122.075,33,7
1979,IRAN,33.918,59.555,33,6.5
1979,PERU,-16.39,-72.658,53,6.9
1979,JAPAN,40.232,143.703,10,6.4
1979,USA,60.691,-141.671,18,7.5
1979,MEXICO,17.813,-101.276,49,7.6
1979,MONTENEGRO,41.956,19.023,10,5.3
1979,MONTENEGRO,42.096,19.209,10,6.9
1979,GREECE,34.53,24.437,33,5.6
1979,INDONESIA,-8.299,115.934,43,5.4
1979,MACEDONIA,42.255,18.752,8,6.2
1979,INDONESIA,-8.207,115.949,25,5.8
1979,AUSTRALIA,-30.812,117.179,6,6.1
1979,PAPUA NEW GUINEA,-4.98,145.577,189,6.2
1979,PANAMA,8.316,-82.943,28,6.5
1979,CHINA,31.452,119.241,11,5.4
1979,TURKEY,39.672,28.66,10,4.9
1979,CHINA,41.145,108.129,33,5.9
1979,INDONESIA,-1.679,136.04,5,7.9
1979,ITALY,42.812,13.061,16,5.8
1979,GUATEMALA,14.321,-90.082,33,4.7
1979,NEW ZEALAND,-46.675,165.707,33,7.5
1979,USA,32.634,-115.324,10,6.9
1979,INDONESIA,-8.254,115.847,38,6.2
1979,GUATEMALA,13.833,-90.881,58,6.8
1979,INDONESIA,-7.656,108.252,62,6.1
1979,GREECE,39.536,20.398,40,5.2
1979,IRAN,33.978,59.832,33,6.6
1979,FIJI,-16.76,-179.984,33,6.9
1979,COLOMBIA,4.805,-76.217,108,6.4
1979,IRAN,33.974,59.847,10,7.1
1979,IRAN,34.033,59.817,33,6
1979,COLOMBIA,1.598,-79.358,33,7.7
1979,INDONESIA,-3.299,102.712,33,6.6
1979,INDONESIA,-8.39,115.889,33,6.3
1980,AZORES (PORTUGAL),38.727,-27.75,13,6.9
1980,USA,37.855,-121.816,11,5.9
1980,RUSSIA,43.53,146.753,44,7
1980,INDONESIA,-8.082,108.793,84,5.8
1980,ITALY,40.459,15.855,24,4.5
1980,GUATEMALA,14.716,-91.317,105,5.3
1980,USA,46.214,-122.194,4,5.2
1980,SERBIA,43.294,20.837,9,5.8
1980,USA,37.6,-118.84,7,6.1
1980,MEXICO,32.22,-114.985,5,6.4
1980,JAPAN,34.808,139.181,15,6.2
1980,SOLOMON ISLANDS,-12.41,166.381,33,7.5
1980,GREECE,39.269,23.041,14,6.4
1980,TAJIKISTAN,40.113,70.596,33,5.2
1980,GREECE,39.203,22.729,10,4
1980,SOLOMON ISLANDS,-12.525,165.916,33,7.9
1980,IRAN,37.19,50.201,62,5.4
1980,USA,38.174,-83.907,8,5.1
1980,NEPAL,29.598,81.092,18,6.5
1980,HONDURAS,15.888,-88.516,22,6.4
1980,ECUADOR,-1.948,-80.017,55,5.6
1980,INDIA,32.913,75.633,25,4.9
1980,INDIA,32.834,75.629,33,4.8
1980,JAPAN,35.45,139.964,73,6
1980,NEW ZEALAND,-39.542,176.478,32,5.6
1980,ALGERIA,36.195,1.354,10,7.7
1980,MEXICO,18.211,-98.24,72,6.4
1980,USA,41.117,-124.253,19,7.2
1980,PERU,-13.347,-74.545,71,4.9
1980,ITALY,40.914,15.366,20,6.9
1980,COLOMBIA,8.045,-72.441,40,5
1980,IRAN,34.587,50.652,33,5.8
1980,IRAN,34.503,50.59,41,5.2
1981,JAPAN,38.64,142.75,33,6.9
1981,INDONESIA,-4.576,139.232,33,6.7
1981,CHINA,30.927,101.098,33,6.8
1981,ITALY,41.051,14.601,10,4.6
1981,GREECE,38.222,22.934,33,6.7
1981,GREECE,38.209,23.288,29,6.4
1981,GREECE,39.481,20.699,31,5.6
1981,PERU,-13.144,-74.376,38,4.8
1981,USA,33.133,-115.65,6,6
1981,NEW ZEALAND,-48.786,164.357,33,7.6
1981,IRAN,29.913,57.715,33,6.7
1981,PERU,-13.166,-74.522,24,5.2
1981,IRAN,30.013,57.794,33,7.1
1981,BOSNIA-HERZEGOVINA,44.849,17.312,16,5.5
1981,SAMOA,-14.96,-173.085,25,7.7
1981,PAKISTAN,35.693,73.594,33,5.9
1981,CHILE,-33.134,-73.074,33,7.5
1981,COLOMBIA,8.117,-72.527,54,5.4
1981,MEXICO,18.048,-102.084,33,7.3
1981,EGYPT,23.686,32.604,10,5.3
1981,PAKISTAN,29.856,66.962,33,4
1981,GREECE,39.243,25.227,10,7.5
1982,PHILIPPINES,13.752,124.358,46,7.1
1982,CANADA,46.975,-66.659,7,4.5
1982,HONDURAS,13.158,-87.589,6,6
1982,INDIA,6.946,94.002,19,6.3
1982,INDONESIA,-6.863,106.936,40,5.5
1982,INDONESIA,4.374,97.755,52,5.4
1982,INDONESIA,-9.265,118.479,33,6.4
1982,JAPAN,42.158,142.361,44,6.7
1982,MEXICO,17.25,-93.21,9,3.5
1982,PERU,-12.69,-76.065,95,6.1
1982,CHINA,36.785,105.55,33,4.6
1982,MEXICO,16.558,-98.358,34,7
1982,CHINA,31.907,99.931,10,5.5
1982,EL SALVADOR,13.313,-89.339,82,6.2
1982,JAPAN,36.194,141.702,37,6.8
1982,SOLOMON ISLANDS,-12.597,165.931,31,7.5
1982,INDONESIA,-8.375,120.577,46,5.6
1982,HONDURAS,14.487,-89.121,12,5.1
1982,ITALY,43.164,12.586,16,4.4
1982,MACEDONIA,40.883,19.59,21,5.5
1982,YEMEN,14.701,44.379,5,6
1982,AFGHANISTAN,36.148,69.011,36,6.6
1982,TONGA,-24.133,-175.864,33,7.7
1982,INDONESIA,-8.405,123.08,33,5.9
1982,JAPAN,33.826,139.434,22,6.1
1983,GREECE,38.026,20.228,14,7.2
1983,MEXICO,16.147,-95.232,57,6.7
1983,CHINA,39.945,75.135,16,6.2
1983,MACEDONIA,41.959,21.54,24,4.7
1983,TAJIKISTAN,38.841,70.727,49,5.2
1983,INDONESIA,-4.056,127.924,17,6.5
1983,PAPUA NEW GUINEA,-4.883,153.581,89,7.6
1983,GREECE,38.294,20.262,19,6.2
1983,IRAN,35.953,52.264,33,4.9
1983,COLOMBIA,2.461,-76.686,22,4.9
1983,TURKMENISTAN,39.042,48.714,33,4.6
1983,COSTA RICA,8.717,-83.123,37,7.3
1983,INDONESIA,5.723,94.722,79,6.6
1983,CHINA,40.025,75.26,33,5.6
1983,PERU,-4.843,-78.103,104,6.5
1983,THAILAND,14.926,99.023,10,5.9
1983,USA,36.219,-120.317,10,6.2
1983,JAPAN,40.462,139.102,24,7.7
1983,JAPAN,40.249,138.948,26,5.9
1983,JAPAN,41.346,139.099,10,6.9
1983,VIETNAM,21.721,103.282,18,6.3
1983,COSTA RICA,9.652,-83.688,33,6.2
1983,TURKEY,40.324,27.222,10,6.1
1983,USA,61.031,-147.286,37,6.1
1983,IRAN,36.948,49.18,41,5
1983,PAKISTAN,30.349,67.84,10,4.2
1983,GREECE,40.142,24.766,2,7
1983,JAPAN,35.5,139.07,25,5.3
1983,RUSSIA,55.867,161.287,63,6.5
1983,PHILIPPINES,18.231,120.86,29,6.5
1983,SERBIA,43.246,20.859,10,5.1
1983,JAPAN,33.941,139.513,12,6
1983,CHILE,-26.535,-70.563,15,7.3
1983,INDONESIA,1.084,121.052,40,6
1983,INDONESIA,1.131,120.858,33,6.1
1983,USA,43.974,-113.916,14,7.3
1983,TURKEY,40.33,42.187,12,6.9
1983,JAPAN,35.464,133.899,27,5.2
1983,CHINA,35.206,115.213,19,5.3
1983,BELGIUM,50.696,5.346,10,5
1983,ITALY,44.689,10.317,37,5
1983,USA,19.43,-155.454,12,6.7
1983,UK TERRITORY,-6.852,72.11,10,7.6
1983,PAPUA NEW GUINEA,-5.392,151.868,26,6.4
1983,GUINEA,11.866,-13.529,11,6.2
1983,AFGHANISTAN,36.372,70.738,215,7.2
1984,INDONESIA,-2.823,118.806,33,6.6
1984,AFGHANISTAN,34.616,70.484,33,5.8
1984,SOLOMON ISLANDS,-10.012,160.469,18,7.5
1984,GREECE,38.396,22.094,29,5.4
1984,PAKISTAN,36.431,70.826,208,6.1
1984,UZBEKISTAN,40.32,63.35,15,7
1984,RUSSIA,44.117,148.192,44,7
1984,PAPUA NEW GUINEA,-4.647,145.805,28,6.6
1984,USA,37.32,-121.698,8,6.1
1984,ITALY,43.26,12.558,12,5.3
1984,ITALY,41.765,13.898,10,5.8
1984,ITALY,41.831,13.961,14,5.2
1984,BOSNIA-HERZEGOVINA,42.967,17.734,30,5.1
1984,JAPAN,31.448,140.036,41,5.5
1984,DOMINICAN REPUBLIC,17.984,-69.338,24,6.7
1984,UK,52.878,-4.198,13,4.7
1984,JAPAN,32.386,131.945,46,6.7
1984,INDONESIA,1.761,99.075,33,5.2
1984,SERBIA,43.314,20.957,13,4.7
1984,JAPAN,35.789,137.488,10,6.1
1984,TURKEY,40.885,42.219,10,6.4
1984,JAPAN,34.006,141.5,48,6.9
1984,GREECE,37.013,21.757,27,4.5
1984,TURKEY,40.545,42.403,60,5.3
1984,USA,42.375,-105.72,33,5.1
1984,TAJIKISTAN,39.155,71.328,33,6.1
1984,RUSSIA,56.2,163.4,33,7
1984,INDIA,24.641,92.891,23,5.6
1985,ARGENTINA,-33.053,-68.467,5,6.9
1985,IRAN,28.399,52.997,37,5.3
1985,CHILE,-33.132,-71.708,40,8
1985,GUADELOUPE,17.013,-62.448,13,6.4
1985,CHILE,-32.663,-71.551,33,6.6
1985,PHILIPPINES,7.758,123.544,33,6.5
1985,CHILE,-34.131,-71.618,38,7.5
1985,INDONESIA,-9.245,114.185,99,6.2
1985,CHINA,25.926,102.871,5,5.8
1985,PHILIPPINES,16.498,120.815,33,6.1
1985,GREECE,39.266,22.81,27,5.5
1985,PAPUA NEW GUINEA,-5.599,151.045,27,7.1
1985,PAPUA NEW GUINEA,-4.439,152.828,46,7.2
1985,AFGHANISTAN,36.19,70.896,99,6.6
1985,PERU,-9.159,-78.887,57,6.1
1985,CHINA,39.431,75.224,7,7.5
1985,INDONESIA,-4.13,136.049,10,6.3
1985,MEXICO,18.19,-102.533,28,8.1
1985,MEXICO,17.802,-101.647,31,7.6
1985,SOLOMON ISLANDS,-9.829,159.854,32,6.9
1985,MACEDONIA,41.581,22.254,7,5
1985,GUATEMALA,15.299,-90.863,5,4.5
1985,TAJIKISTAN,40.301,69.823,16,5.9
1985,ALGERIA,36.46,6.761,10,5.9
1985,TURKEY,40.31,42.307,33,4.2
1985,INDONESIA,-1.639,134.911,10,7.1
1985,VANUATU,-13.987,166.185,33,7.6
1985,NICARAGUA,11.725,-85.838,22,6
1985,VANUATU,-13.966,166.516,43,7.6
1985,ITALY,37.688,15.068,10,4.3
1986,PERU,-9.505,-77.512,39,5.3
1986,INDONESIA,-3.904,103.461,33,5
1986,GUATEMALA,15.075,-92.072,16,4.7
1986,PERU,-13.41,-71.785,51,4.6
1986,INDIA,32.128,76.374,33,5.3
1986,TURKEY,37.993,37.806,10,5.9
1986,USA,51.52,-174.776,19,8
1986,GEORGIA,41.431,43.737,10,5.7
1986,PAKISTAN,29.627,69.363,18,5.2
1986,USA,52.327,-174.504,26,6.4
1986,TAIWAN,24.125,121.619,19,6.4
1986,VENEZUELA,10.597,-62.928,19,6.2
1986,PAPUA NEW GUINEA,-4.448,143.943,102,7.1
1986,USA,34,-116.61,12,6
1986,IRAN,29.962,51.582,10,5.6
1986,USA,32.97,-117.869,6,5.8
1986,VENEZUELA,10.77,-69.428,7,4.9
1986,USA,37.537,-118.447,9,6.2
1986,TURKEY,37.2,37.3,12,4.1
1986,ROMANIA,45.547,26.316,132,6.9
1986,GREECE,37.014,22.176,11,5.8
1986,GREECE,36.93,22.175,10,4.8
1986,SOUTH AFRICA,-30.546,28.737,5,4.8
1986,EL SALVADOR,13.827,-89.118,7,5.4
1986,TURKEY,37.931,28.574,5,5.5
1986,PAKISTAN,27.727,66.65,43,4.5
1986,KERMADEC ISLANDS (NEW ZEALAND),-28.117,-176.367,29,8.1
1986,TAIWAN,23.901,121.574,34,7.8
1986,BOSNIA-HERZEGOVINA,44.12,16.339,30,5.5
1986,BRAZIL,-5.494,-35.769,5,4.8
1986,BULGARIA,43.274,25.912,21,5.6
1986,CHILE,-33.071,-72.084,33,5
1986,IRAN,29.985,51.623,26,5
1987,CHINA,41.964,81.319,17,5.8
1987,CHINA,41.529,79.318,29,5.9
1987,ALGERIA,35.964,1.374,10,4.3
1987,JAPAN,36.988,141.689,48,6.3
1987,PAPUA NEW GUINEA,-6.088,147.689,55,7.6
1987,NEW ZEALAND,-37.965,176.765,19,6.6
1987,CHILE,-24.388,-70.161,62,7.3
1987,ECUADOR,0.083,-77.785,10,7.2
1987,JAPAN,32.034,131.837,54,6.7
1987,JAPAN,37.447,137.865,23,5.1
1987,PHILIPPINES,16.066,120.301,107,6.3
1987,INDONESIA,2.244,98.866,11,6.6
1987,PHILIPPINES,8.047,125.41,32,5.2
1987,IRAN,34.076,48.266,41,4.6
1987,SOLOMON ISLANDS,-10.717,162.33,75,6.3
1987,VANUATU,-14.074,167.828,48,6.6
1987,CHINA,24.924,115.608,29,4.9
1987,CHILE,-19.022,-69.991,70,6.9
1987,PERU,-17.897,-70.931,37,6.4
1987,AUSTRALIA,-58.893,158.513,33,7.7
1987,ITALY,43.242,13.874,19,4.6
1987,ECUADOR,-0.978,-78.05,10,6.2
1987,USA,34.061,-118.078,10,5.7
1987,PERU,-8.143,-77.954,20,5.1
1987,USA,34.07,-118.1,8,4.8
1987,TONGA,-17.94,-172.225,16,7.3
1987,PAPUA NEW GUINEA,-7.288,154.371,25,6.8
1987,PAPUA NEW GUINEA,-6.266,149.06,48,7.7
1987,USA,58.586,-143.27,10,7.2
1987,USA,33.082,-115.775,5,6.2
1987,INDONESIA,-8.247,124.155,33,6.5
1987,USA,58.679,-142.786,10,7.9
1987,JAPAN,35.362,140.214,63,6
1988,CHINA,38.111,106.336,14,5.5
1988,ALBANIA,41.246,19.63,24,5.8
1988,AUSTRALIA,-19.847,133.803,5,6.3
1988,AUSTRALIA,-19.829,133.882,5,6.7
1988,CHILE,-24.753,-70.433,37,6.7
1988,BANGLADESH,24.688,91.57,33,5.8
1988,USA,57.262,-142.747,15,7.8
1988,IRAN,30.89,50.194,33,5.7
1988,PHILIPPINES,12.376,121.067,17,6.2
1988,PHILIPPINES,18.606,121.013,53,5.4
1988,PAPUA NEW GUINEA,-5.964,148.78,53,6.8
1988,TAIWAN,23.902,121.598,51,5.7
1988,MYANMAR (BURMA),25.149,95.127,91,7.2
1988,SOLOMON ISLANDS,-10.258,160.896,36,7.6
1988,IRAN,29.974,51.679,33,6.1
1988,NEPAL,26.755,86.616,57,6.6
1988,PAPUA NEW GUINEA,-6.06,146.23,0,4.3
1988,TAJIKISTAN,37.18,71.811,11,5
1988,GREECE,37.938,20.932,25,5.8
1988,ALGERIA,36.443,2.759,12,5.6
1988,GUATEMALA,13.881,-90.45,69,6
1988,USA TERRITORY,19.08,-67.256,33,5.7
1988,CHINA,22.789,99.611,18,7.3
1988,CHINA,23.181,99.439,10,6.4
1988,CHINA,21.23,108.545,10,4.6
1988,JAMAICA,18.068,-76.597,16,4.7
1988,PHILIPPINES,12.399,124.537,19,6.6
1988,AZORES (PORTUGAL),37.938,-26.142,11,5.3
1988,CANADA,48.117,-71.183,29,5.8
1988,ARMENIA,40.987,44.185,5,6.8
1989,TAJIKISTAN,38.465,68.694,33,5.3
1989,INDONESIA,1.031,126.189,32,5.6
1989,TURKEY,40.027,41.816,10,4.4
1989,PAPUA NEW GUINEA,-4.346,152.797,53,5.4
1989,MALAWI,-13.702,34.42,30,6.1
1989,CHINA,29.987,99.195,13,6.2
1989,MEXICO,16.773,-99.328,19,6.8
1989,IRAN,29.964,51.655,33,5.1
1989,VENEZUELA,11.038,-68.27,16,5.2
1989,CHINA,23.553,99.526,33,5.6
1989,AUSTRALIA,-52.341,160.568,10,8.2
1989,IRAN,30.167,50.921,31,5.8
1989,BANGLADESH,21.861,89.763,6,5.1
1989,ECUADOR,1.134,-79.616,15,6.1
1989,USA,19.362,-155.083,9,6.1
1989,AZORES (PORTUGAL),39.112,-28.242,11,5.7
1989,JAPAN,34.942,139.193,5,5
1989,INDONESIA,-8.081,125.129,10,6.2
1989,INDONESIA,-4.511,139.022,14,5.8
1989,RUSSIA,43.522,45.362,18,5
1989,DJIBOUTI,11.766,41.942,12,6.3
1989,INDONESIA,-4.219,136.667,9,6
1989,USA,55.543,-156.835,11,6.9
1989,CHINA,31.583,102.433,15,6.1
1989,IRAN,30.96,51.421,42,4.7
1989,USA,37.036,-121.883,19,6.9
1989,CHINA,39.893,113.884,10,5.3
1989,JAPAN,39.571,143.333,10,6.6
1989,ALGERIA,36.788,2.448,6,5.7
1989,USA TERRITORY,18.986,-68.833,26,4.4
1989,JAPAN,39.837,142.76,29,7.4
1989,CHINA,29.882,106.804,33,4.7
1989,IRAN,29.892,57.718,18,5.9
1989,PHILIPPINES,8.337,126.729,24,7.5
1989,AUSTRALIA,-32.967,151.619,10,5.4
1990,PHILIPPINES,9.755,124.694,26,6.6
1990,JAPAN,34.706,139.252,14,6.4
1990,USA,34.14,-117.7,5,5.5
1990,FIJI,-22.122,175.163,33,7.6
1990,PAKISTAN,28.925,66.331,10,6.1
1990,COSTA RICA,9.919,-84.808,22,7
1990,TAJIKISTAN,37.034,72.942,33,6.3
1990,PHILIPPINES,9.253,125.606,39,5.5
1990,UK,52.314,-2.985,18,4.7
1990,USA TERRITORY,15.125,147.596,11,7.5
1990,CHINA,39.436,74.9,33,6.2
1990,INDONESIA,1.186,122.857,26,7.6
1990,IRAN,31.107,51.678,47,4.7
1990,CHINA,35.986,100.245,8,6.9
1990,ITALY,40.775,15.766,10,5.4
1990,NEW ZEALAND,-40.296,176.064,21,6.3
1990,SUDAN,5.121,32.145,15,7.1
1990,SUDAN,5.358,31.848,16,7
1990,PERU,-6.016,-77.229,24,6.5
1990,ROMANIA,45.841,26.668,89,6.7
1990,ROMANIA,45.811,26.769,88,6.1
1990,COSTA RICA,9.855,-84.327,10,4.6
1990,PERU,-6.062,-77.136,26,4.9
1990,PHILIPPINES,11.76,121.899,18,7.1
1990,KAZAKHSTAN,47.869,85.076,58,6.8
1990,PAKISTAN,27.398,65.719,15,6.3
1990,IRAN,36.957,49.409,19,7.3
1990,IRAN,36.636,49.799,15,5.3
1990,INDONESIA,-6.904,108.12,14,4.8
1990,AFGHANISTAN,36.415,70.789,217,5.6
1990,PHILIPPINES,15.679,121.172,25,7.8
1990,TURKEY,36.99,29.595,17,5.1
1990,VANUATU,-15.355,167.464,126,6.4
1990,KAZAKHSTAN,47.963,84.961,33,6.1
1990,ECUADOR,-0.059,-78.449,5,4.4
1990,JAPAN,33.267,138.643,10,6.5
1990,SOUTH AFRICA,-28.014,26.727,5,4.2
1990,KAZAKHSTAN,47.903,84.961,33,4.5
1990,SOUTH AFRICA,-26.39,27.349,5,4
1990,CHINA,37.093,103.781,12,5.8
1990,AFGHANISTAN,35.121,70.486,114,6
1990,IRAN,28.251,55.462,11,6.7
1990,INDONESIA,3.908,97.457,48,6.8
1990,BOSNIA-HERZEGOVINA,43.853,16.633,24,5.6
1990,KYRGYZSTAN,40.854,73.553,29,4.6
1990,ITALY,37.3,15.438,11,5.3
1990,TAIWAN,23.916,121.636,12,6.2
1990,TAIWAN,23.722,121.627,10,6.3
1990,GREECE,41.004,22.3,13,5.9
1990,COSTA RICA,9.869,-84.302,17,5.7
1990,PAPUA NEW GUINEA,-5.097,150.967,179,7.5
1991,MYANMAR (BURMA),23.613,95.901,20,7.1
1991,AFGHANISTAN,35.993,70.423,142,6.4
1991,SOLOMON ISLANDS,-9.929,159.139,10,6.9
1991,FRANCE,44.885,6.76,5,3.8
1991,RUSSIA,48.268,154.328,39,5.7
1991,BERING SEA,58.427,-175.45,20,6.7
1991,CHINA,40.386,78.959,21,6.1
1991,CHINA,39.887,113.923,10,5.5
1991,PERU,-6.038,-77.13,21,6.4
1991,PERU,-5.982,-77.094,20,6.7
1991,AFGHANISTAN,37.457,68.273,33,5.1
1991,AFGHANISTAN,36.416,70.912,33,4.1
1991,COSTA RICA,9.685,-83.073,10,7.6
1991,TURKEY,39.597,41.118,33,4.5
1991,GEORGIA,42.453,43.673,17,7
1991,PANAMA,9.542,-82.418,10,6.2
1991,GEORGIA,42.565,43.349,14,4.9
1991,MALAYSIA,5.865,116.746,33,4.5
1991,GEORGIA,42.461,44.009,9,6.1
1991,PHILIPPINES,15.119,120.355,10,5.5
1991,TURKEY,39.984,42.875,26,4.5
1991,INDONESIA,1.196,122.787,31,7.5
1991,USA,34.262,-118.002,11,5.1
1991,INDONESIA,-8.099,124.681,29,6.5
1991,ROMANIA,45.364,21.057,11,5.6
1991,ROMANIA,44.888,22.407,12,5.6
1991,PERU,-15.679,-71.574,5,4.7
1991,IRAQ,36.52,44.066,26,5.1
1991,COSTA RICA,9.737,-84.054,5,4.7
1991,VENEZUELA,10.045,-69.948,10,5.2
1991,USA,40.235,-124.348,12,6.2
1991,NEW ZEALAND,-40.25,175.053,88,5.6
1991,GUATEMALA,14.646,-90.986,5,6.2
1991,SOLOMON ISLANDS,-9.094,158.442,23,7.2
1991,INDIA,30.78,78.774,10,7
1991,IRAN,30.666,50.218,39,5.4
1991,INDIA,26.323,70.607,22,5
1991,COLOMBIA,4.554,-77.442,21,6.4
1991,YEMEN,13.887,44.068,10,4.7
1991,IRAN,36.924,49.603,16,5
1991,ROMANIA,45.498,21.115,9,5.5
1991,RUSSIA,45.533,151.021,24,7.6
1992,CHINA,18,108,8,3.7
1992,JAPAN,35.106,139.644,100,5.6
1992,INDONESIA,-7.138,109.067,58,4.4
1992,IRAN,31.726,50.778,18,4.6
1992,TURKEY,39.71,39.605,27,6.9
1992,NETHERLANDS,51.153,5.798,21,5.2
1992,USA,33.961,-116.318,12,6.3
1992,USA,40.368,-124.316,15,7.1
1992,KYRGYZSTAN,41.019,72.429,50,6.2
1992,PHILIPPINES,7.191,126.762,33,7.5
1992,PAKISTAN,33.377,71.317,16,6
1992,CUBA,19.613,-77.872,23,7
1992,SOLOMON ISLANDS,-11.122,165.239,19,7
1992,USA,34.201,-116.436,1,7.6
1992,USA,34.203,-116.827,5,6.7
1992,USA,36.705,-116.293,9,5.4
1992,JAPAN,39.419,143.33,29,7
1992,JAPAN,32.536,141.641,16,6.3
1992,KYRGYZSTAN,42.142,73.575,27,7.5
1992,PAKISTAN,29.087,66.74,9,5.5
1992,NICARAGUA,11.727,-87.386,40,7.7
1992,IRAN,29.134,52.187,18,4.7
1992,CONGO,-6.087,26.651,11,7
1992,EGYPT,29.778,31.144,22,5.3
1992,COLOMBIA,6.845,-76.806,14,7
1992,COLOMBIA,7.075,-76.862,10,7.4
1992,INDONESIA,-8.48,121.896,28,7.8
1993,JAPAN,43.3,143.691,102,7.6
1993,CHINA,23.027,101.062,33,5.6
1993,IRAN,32.104,60.088,33,5.1
1993,JAPAN,37.634,137.245,11,6.3
1993,WALLIS AND FUTUNA (FRENCH TERRITORY),-14.385,-178.252,10,6.4
1993,CHINA,29.084,87.333,12,6.2
1993,USA,45.035,-122.607,21,5.6
1993,IRAN,30.692,50.886,30,5.1
1993,PERU,-11.652,-76.53,106,6.3
1993,RUSSIA,51.218,157.829,71,7.5
1993,KERMADEC ISLANDS (NEW ZEALAND),-28.886,-176.819,20,6.6
1993,IRAN,30.149,50.814,33,5.4
1993,COSTA RICA,9.821,-83.622,20,5.8
1993,JAPAN,42.851,139.197,17,7.7
1993,GREECE,38.224,21.756,23,5.6
1993,SUDAN,15.385,31.69,13,5.5
1993,JAPAN,41.985,139.839,13,6.3
1993,USA TERRITORY,12.982,144.801,59,7.8
1993,GUATEMALA,14.717,-92.645,34,7.2
1993,USA,42.314,-122.012,11,6
1993,INDIA,18.066,76.451,7,6.2
1993,PAPUA NEW GUINEA,-5.889,146.02,25,6.9
1993,NEPAL,28.723,82.28,37,5.1
1993,INDIA,18.12,76.533,10,4.6
1993,RUSSIA,51.934,158.647,34,7
1993,CHINA,39.263,75.533,18,5.6
1994,CHINA,36.028,100.104,8,5.7
1994,USA,40.33,-76.037,5,4.6
1994,USA,34.213,-118.537,18,6.7
1994,INDONESIA,1.015,127.733,20,7
1994,USA,42.762,-110.976,8,5.8
1994,UGANDA,0.593,30.037,14,6.2
1994,INDONESIA,-4.967,104.302,23,6.9
1994,IRAN,30.853,60.596,6,6.1
1994,IRAN,29.096,52.617,13,6.1
1994,HAITI,19.803,-72.799,59,5.4
1994,FIJI,-18.039,-178.413,563,7.6
1994,JAPAN,40.608,143.683,13,6.4
1994,AFGHANISTAN,36.901,67.163,19,6.1
1994,TAIWAN,23.959,122.448,16,6.5
1994,INDONESIA,-10.477,112.835,18,7.8
1994,INDONESIA,-10.362,112.892,26,6.6
1994,INDONESIA,-10.777,113.366,11,6.5
1994,TAIWAN,24.511,121.905,11,6.4
1994,INDONESIA,-10.341,113.369,17,6.1
1994,COLOMBIA,2.917,-76.057,12,6.8
1994,BOLIVIA,-13.841,-67.553,631,8.2
1994,NEW ZEALAND,-42.963,171.658,14,6.8
1994,IRAN,28.968,52.614,9,5.9
1994,ALGERIA,35.52,-0.106,9,5.9
1994,USA,40.402,-125.68,10,7
1994,RUSSIA,43.773,147.321,14,8.3
1994,INDONESIA,-1.258,127.98,17,6.8
1994,RUSSIA,43.905,147.916,33,7.3
1994,PHILIPPINES,13.525,121.067,32,7.1
1994,USA,40.741,-124.31,23,5.5
1994,JAPAN,40.525,143.419,27,7.8
1994,CHINA,20.524,109.33,33,5.3
1995,JAPAN,34.583,135.018,22,6.9
1995,COLOMBIA,5.05,-72.916,17,6.5
1995,NEW ZEALAND,-37.759,178.752,21,7.1
1995,COLOMBIA,4.104,-76.622,74,6.4
1995,CYPRUS,35.046,32.279,10,5.9
1995,INDONESIA,-4.183,135.109,33,6.9
1995,JAPAN,37.925,139.186,11,5.4
1995,SAMOA,-15.199,-173.529,21,7.4
1995,PHILIPPINES,12.059,125.58,21,7.2
1995,PHILIPPINES,12.047,125.92,23,6.8
1995,GREECE,40.149,21.695,14,6.6
1995,INDONESIA,-8.452,125.049,13,6.9
1995,NEW CALEDONIA,-23.008,169.9,20,7.7
1995,RUSSIA,52.629,142.827,11,7.1
1995,GREECE,38.401,22.283,14,6.5
1995,CHINA,21.966,99.196,13,6.8
1995,CHINA,36.427,103.123,13,5.6
1995,CHILE,-23.34,-70.294,46,8
1995,PAPUA NEW GUINEA,-5.799,154.178,30,7.7
1995,MEXICO,16.779,-98.597,23,7.4
1995,TURKEY,38.063,30.134,33,6.4
1995,ECUADOR,-2.75,-77.881,24,7
1995,USA,65.17,-148.565,9,6
1995,INDONESIA,-2.045,101.436,33,6.8
1995,MEXICO,19.055,-104.205,33,8
1995,JAPAN,27.929,130.175,28,7.1
1995,JAPAN,28.094,130.148,20,6.8
1995,CHINA,26.003,102.227,10,6.2
1995,CHILE,-28.906,-71.417,20,6.7
1995,EGYPT,28.826,34.799,10,7.2
1995,RUSSIA,44.663,149.3,33,7.9
1996,INDONESIA,0.729,119.931,24,7.9
1996,CHINA,27.291,100.276,11,6.6
1996,INDONESIA,-0.891,136.952,33,8.2
1996,PERU,-9.593,-79.587,10,7.5
1996,MEXICO,15.978,-98.07,21,7.1
1996,CHINA,39.993,76.696,28,6.3
1996,ECUADOR,-1.036,-78.737,33,5.9
1996,SOLOMON ISLANDS,-6.518,154.999,44,7.2
1996,CHINA,40.774,109.661,26,6
1996,USA,51.564,-177.632,33,7.9
1996,USA,51.478,-176.847,24,7.3
1996,JAPAN,31.555,139.931,33,5.7
1996,CHILE,-22.118,-113.436,10,6.9
1996,CROATIA,42.803,17.936,10,6
1996,TAIWAN,21.898,121.498,20,6.8
1996,JAPAN,30.568,131.093,10,6.6
1996,JAPAN,31.885,131.468,22,6.7
1996,PERU,-14.993,-75.675,33,7.7
1996,JAPAN,31.789,131.314,49,6.7
1997,KYRGYZSTAN,41.026,74.284,22,5.8
1997,MEXICO,18.219,-102.756,33,7.2
1997,ALBANIA,40.956,19.672,10,4.7
1997,CHINA,39.474,76.998,33,5.9
1997,IRAN,37.661,57.291,10,6.5
1997,PAKISTAN,29.976,68.208,33,7.1
1997,IRAN,38.075,48.05,10,6.1
1997,CHINA,39.422,76.839,22,5.6
1997,PAKISTAN,34.872,71.62,50,4.9
1997,JAPAN,31.92,130.429,10,6.1
1997,CHINA,39.513,76.865,33,5.9
1997,CHINA,39.537,76.998,33,6
1997,CHINA,39.527,76.941,15,6.2
1997,SOLOMON ISLANDS,-12.584,166.676,33,7.7
1997,TRINIDAD AND TOBAGO,11.112,-60.892,5,6.7
1997,USA TERRITORY,13.986,144.901,101,6.5
1997,IRAN,33.825,59.809,10,7.2
1997,AFGHANISTAN,36.411,70.945,196,6.4
1997,INDIA,23.083,80.041,36,5.8
1997,IRAN,33.938,59.475,10,5.9
1997,VENEZUELA,10.598,-63.486,20,7
1997,SOUTH AFRICA,-26.857,26.619,5,5
1997,INDONESIA,4.358,96.494,33,6
1997,ITALY,43.048,12.879,10,5.7
1997,ITALY,43.084,12.812,10,6
1997,INDONESIA,-3.776,119.727,33,5.9
1997,JAPAN,31.959,141.878,10,6.2
1997,TONGA,-22.101,-176.772,167,7.7
1997,CHILE,-30.933,-71.22,58,7.1
1997,CHINA,35.069,87.325,33,7.5
1997,GREECE,37.57,20.656,33,6.6
1997,INDIA,22.212,92.702,54,6.1
1997,INDONESIA,1.241,122.536,24,7
1997,RUSSIA,54.841,162.035,33,7.8
1998,CHINA,41.083,114.5,30,5.7
1998,GUATEMALA,14.374,-91.473,33,6.6
1998,MEXICO,15.883,-96.298,33,6.3
1998,AFGHANISTAN,37.075,70.089,33,5.9
1998,AFGHANISTAN,36.479,71.086,236,6.4
1998,IRAN,30.154,57.605,9,6.6
1998,CHINA,39.977,76.731,33,5.6
1998,ANTARCTICA,-62.877,149.527,10,8.1
1998,ITALY,43.164,12.701,10,5.2
1998,IRAN,32.457,59.976,33,5.8
1998,AUSTRIA,46.245,13.652,10,5.7
1998,TAIWAN,22.306,125.308,33,7.5
1998,BOLIVIA,-17.731,-65.431,24,6.6
1998,CHINA,37.388,78.843,33,5.6
1998,AFGHANISTAN,37.106,70.11,33,6.6
1998,JAPAN,39.027,143.441,33,6.2
1998,TURKEY,36.878,35.307,33,6.3
1998,AZORES (PORTUGAL),38.65,-28.626,10,6.2
1998,ARMENIA,38.717,48.507,26,6
1998,TAIWAN,23.407,120.736,13,5.7
1998,PAPUA NEW GUINEA,-2.943,142.582,25,7
1998,ECUADOR,-0.593,-80.393,33,7.2
1998,CHINA,39.66,77.343,33,6.4
1998,INDONESIA,-8.194,112.413,152,6.6
1998,SERBIA,44.209,20.08,10,5.5
1998,ALBANIA,41.925,20.39,10,5.3
1998,IRAN,33.199,47.225,39,5.4
1998,IRAN,27.791,53.608,33,5.4
1998,CHINA,27.308,101.029,33,5.6
1998,INDONESIA,-2.071,124.891,33,7.7
1998,CHINA,26.373,104.021,10,4.5
1999,COLOMBIA,4.461,-75.724,17,6.2
1999,RUSSIA,42.962,46.954,33,3.2
1999,SPAIN,38.193,-1.566,10,4.8
1999,AFGHANISTAN,34.259,69.364,33,6
1999,IRAN,28.343,57.193,33,6.6
1999,CHINA,41.131,114.658,33,5.1
1999,INDIA,30.512,79.403,15,6.6
1999,PERU,-16.66,-72.662,87,6.8
1999,IRAN,29.501,51.88,33,6.2
1999,AZERBAIJAN,40.802,47.448,33,5.4
1999,MEXICO,18.386,-97.436,70,7
1999,MEXICO,18.324,-101.539,69,6.3
1999,GUATEMALA,15.782,-88.33,10,6.7
1999,BANGLADESH,21.544,91.895,10,4.2
1999,TURKEY,40.76,29.97,13,7.6
1999,TURKEY,40.711,29.949,10,5.2
1999,GREECE,38.119,23.605,10,6
1999,TURKEY,40.709,30.045,13,5.8
1999,TAIWAN,23.772,120.982,33,7.7
1999,TAIWAN,23.738,121.158,17,6.5
1999,MEXICO,16.059,-96.931,61,7.5
1999,USA,34.594,-116.271,,7.2
1999,TAIWAN,23.445,120.506,33,5.9
1999,PERU,-13.64,-74.43,62,4.4
1999,CHINA,39.899,113.983,10,5.3
1999,TURKEY,40.744,30.266,22,5.7
1999,TURKEY,40.758,31.161,10,7.2
1999,CHINA,24.589,102.872,33,4.6
1999,IRAN,36.92,54.9,33,5.3
1999,VANUATU,-16.423,168.214,33,7.5
1999,CHINA,40.459,122.889,10,5
1999,TURKEY,40.358,42.346,19,5.7
1999,PHILIPPINES,15.766,119.74,33,7.3
1999,INDONESIA,-6.845,105.555,56,6.5
1999,ALGERIA,35.321,-1.281,10,5.6
2000,INDIA,22.132,92.771,33,4.6
2000,CHINA,40.498,122.994,10,5.1
2000,CHINA,25.607,101.063,33,5.9
2000,IRAN,35.288,58.218,33,5.3
2000,SOUTH AFRICA,-26.288,30.888,5,4.5
2000,JAPAN,22.338,143.73,127,7.6
2000,GREECE,34.22,25.69,38,5.5
2000,INDONESIA,-1.105,123.573,26,7.6
2000,TURKEY,38.164,38.777,5,4.1
2000,TAIWAN,24.223,121.058,10,5.4
2000,INDONESIA,-4.721,102.087,33,7.9
2000,TURKEY,40.693,32.992,10,6
2000,CHINA,26.856,97.238,33,6.3
2000,INDONESIA,-4.612,101.905,33,6.7
2000,TAIWAN,23.843,121.225,33,6.4
2000,ICELAND,63.966,-20.487,10,6.5
2000,AUSTRALIA,-13.802,97.453,10,7.9
2000,ICELAND,63.98,-20.758,10,6.5
2000,JAPAN,34.221,139.131,10,6.1
2000,NICARAGUA,11.884,-85.988,33,5.4
2000,INDONESIA,-6.675,106.845,33,5.4
2000,JAPAN,34.319,139.26,10,6.1
2000,PHILIPPINES,20.253,122.043,33,6.4
2000,JAPAN,33.901,139.376,10,6.5
2000,RUSSIA,48.786,142.246,10,6.8
2000,CHINA,25.826,102.194,33,4.2
2000,USA,38.379,-122.413,10,5
2000,TANZANIA,-7.977,30.709,34,6.5
2000,JAPAN,35.456,133.134,10,6.7
2000,AFGHANISTAN,37.542,69.582,33,5.1
2000,PANAMA,7.042,-77.829,17,6.5
2000,PAPUA NEW GUINEA,-4.001,152.327,17,8
2000,PAPUA NEW GUINEA,-5.233,153.102,30,7.8
2000,PAPUA NEW GUINEA,-5.496,151.781,33,7.8
2000,AZERBAIJAN,40.245,49.946,50,6.8
2000,TURKMENISTAN,39.566,54.799,30,7
2000,TURKEY,38.457,31.351,10,6
2001,PHILIPPINES,6.898,126.579,33,7.5
2001,EL SALVADOR,13.049,-88.66,60,7.7
2001,INDIA,23.419,70.232,16,7.7
2001,EL SALVADOR,13.671,-88.938,10,6.6
2001,LAOS,21.396,102.715,10,4.9
2001,CHINA,29.513,101.129,33,5.6
2001,USA,47.149,-122.727,52,6.8
2001,JAPAN,34.083,132.526,50,6.8
2001,EL SALVADOR,13.605,-88.795,10,5.7
2001,CHINA,27.689,101.003,33,5.5
2001,AFGHANISTAN,35.169,69.389,62,5
2001,PERU,-16.265,-73.641,33,8.4
2001,TURKEY,37.238,36.206,5,5.5
2001,PERU,-16.086,-73.987,62,6.6
2001,PERU,-17.543,-72.077,33,7.6
2001,CHINA,24.455,102.66,33,4.3
2001,GREECE,39.059,24.244,10,6.5
2001,PERU,-14.258,-72.683,33,5.8
2001,USA,34.059,-118.387,5,4.2
2001,CANADA,52.63,-132.2,20,6.1
2001,USA TERRITORY,12.686,144.98,37,7
2001,INDONESIA,-4.102,123.907,33,7.5
2001,CHINA,26.316,100.648,10,5.6
2001,CHINA,35.946,90.541,10,7.8
2001,TAIWAN,23.954,122.734,14,6.8
2001,BANGLADESH,23.632,90.376,10,4.5
2002,VANUATU,-17.6,167.856,21,7.2
2002,TAJIKISTAN,38.673,69.902,33,5.3
2002,PAPUA NEW GUINEA,-3.212,142.427,11,6.7
2002,CHILE,-19.384,-69.231,33,5.6
2002,RWANDA,-1.684,29.077,15,4.7
2002,MEXICO,18.194,-95.908,109,5.9
2002,TURKEY,38.573,31.271,5,6.5
2002,TAJIKISTAN,38.773,69.924,44,4.9
2002,IRAN,28.093,51.755,33,5.4
2002,MEXICO,32.319,-115.322,7,5.5
2002,AFGHANISTAN,36.502,70.482,226,7.4
2002,PHILIPPINES,6.033,124.249,31,7.5
2002,AFGHANISTAN,36.062,69.315,8,6.1
2002,JAPAN,23.346,124.09,33,6.4
2002,TAIWAN,24.279,122.179,33,7.1
2002,CHILE,-29.67,-71.384,71,6.4
2002,TAJIKISTAN,39.959,69.417,10,5.9
2002,CHILE,-27.535,-70.586,62,6.6
2002,USA,44.513,-73.699,11,5.2
2002,SERBIA,42.436,21.466,10,5.7
2002,IRAN,34.642,47.4,33,5.4
2002,GEORGIA,41.765,44.96,10,4.3
2002,USA TERRITORY,13.088,144.619,86,7.1
2002,TANZANIA,-2.907,33.733,10,5.5
2002,ARGENTINA,-28.937,-66.797,22,6
2002,BANGLADESH,25.842,88.932,40,4.5
2002,IRAN,35.626,49.047,10,6.5
2002,GERMANY,50.889,6.103,17,4.8
2002,PANAMA,7.929,-82.793,10,6.5
2002,CHINA,30.916,99.927,33,5.3
2002,USA TERRITORY,14.101,146.199,30,6.5
2002,INDONESIA,-1.196,121.333,10,6.2
2002,FIJI,-21.696,-179.513,580,7.7
2002,FIJI,-23.884,178.495,675,7.7
2002,EGYPT,30.2,31.41,10,4.4
2002,IRAN,35.701,48.838,10,5.2
2002,KYRGYZSTAN,39.77,72.007,32,5.5
2002,ITALY,38.381,13.701,5,6
2002,PAPUA NEW GUINEA,-3.26,142.94,13,7.6
2002,INDIA,13.036,93.068,21,6.5
2002,INDONESIA,-1.68,134.234,10,6.4
2002,UK,52.52,-2.15,9,4.8
2002,MEXICO,16.87,-100.113,6,5.3
2002,IRAN,31.995,49.329,10,5.6
2002,FRANCE,47.832,-3.207,10,4.2
2002,INDONESIA,-1.757,134.297,10,7.6
2002,USA,63.514,-147.912,4,6.7
2002,CONGO,-1.884,29.004,11,6.2
2002,ITALY,37.67,15.267,10,4.3
2002,ITALY,41.789,14.872,10,5.7
2002,PAKISTAN,35.517,74.654,33,5.4
2002,INDONESIA,2.824,96.085,30,7.3
2002,USA,63.517,-147.444,5,7.9
2002,PAKISTAN,35.414,74.515,33,6.3
2002,VANUATU,-14.49,167.827,33,5.9
2002,GREECE,37.747,21.087,10,5.7
2002,CHINA,39.736,97.443,22,5.5
2002,IRAN,34.594,47.454,33,5.2
2002,CHINA,39.57,75.254,10,5.7
2002,AFGHANISTAN,35.704,69.868,91,5.5
2003,IRAN,29.59,51.474,33,5.2
2003,SOLOMON ISLANDS,-10.491,160.77,33,7.3
2003,MEXICO,18.77,-104.104,24,7.5
2003,INDONESIA,-8.807,118.524,33,5.5
2003,ITALY,43.883,11.96,7,4.7
2003,TURKEY,39.5,39.878,10,6.1
2003,CHINA,43.897,85.923,24,5.3
2003,PHILIPPINES,12.171,123.921,10,5.8
2003,PHILIPPINES,12.168,124.079,10,6.3
2003,USA,34.31,-116.848,1,5.2
2003,FRANCE,48.342,6.57,10,5
2003,CHINA,39.61,77.23,11,6.3
2003,CHINA,39.483,77.393,10,5.4
2003,INDONESIA,-6.983,108.468,33,4.6
2003,GERMANY,48.21,9,6,4.7
2003,INDONESIA,-8.294,120.743,33,6.5
2003,BHUTAN,27.264,89.331,47,5.5
2003,TURKEY,38.221,26.958,10,5.7
2003,CHINA,37.529,96.476,14,6.4
2003,USA,34.494,-85.629,20,4.6
2003,TURKEY,39.007,40.464,10,6.4
2003,CHINA,39.43,77.219,10,5.8
2003,ALGERIA,36.964,3.634,12,6.8
2003,JAPAN,38.849,141.568,68,7
2003,INDONESIA,2.354,128.855,31,7
2003,ALGERIA,36.939,3.578,8,5.7
2003,USA,36.87,-88.98,3,4
2003,GREECE,39.893,22.309,18,5.2
2003,CHILE,-30.608,-71.637,33,6.8
2003,IRAN,35.476,60.784,41,5.2
2003,IRAN,28.355,54.169,10,5.8
2003,INDIAN OCEAN,-2.598,68.382,10,7.6
2003,CHINA,25.975,101.29,10,5.9
2003,JAPAN,38.432,141.003,10,5.5
2003,TURKEY,38.111,28.887,10,4.5
2003,TURKEY,38.019,28.927,10,5.4
2003,BANGLADESH,22.854,92.306,10,5.7
2003,ANTARCTICA,-60.532,-43.411,10,7.6
2003,INDONESIA,1.142,128.152,10,6
2003,PANAMA,9.355,-79.941,54,5.4
2003,GREECE,39.16,20.605,10,6.3
2003,CHINA,43.77,119.643,24,5.4
2003,CHINA,29.573,95.605,33,5.5
2003,NEW ZEALAND,-45.104,167.144,28,7.2
2003,ITALY,44.329,11.45,10,5.3
2003,JAPAN,34.998,140.172,52,5.7
2003,MYANMAR (BURMA),19.917,95.672,10,6.6
2003,DOMINICAN REPUBLIC,19.777,-70.673,10,6.4
2003,JAPAN,41.815,143.91,27,8.3
2003,RUSSIA,50.038,87.813,16,7.3
2003,RUSSIA,50,87.89,10,4.4
2003,NEW ZEALAND,-43.34,173.04,32,4.8
2003,RUSSIA,50.211,87.721,10,6.7
2003,JAPAN,35.457,139.871,78,5.2
2003,DOMINICAN REPUBLIC,19.761,-70.693,10,4.5
2003,CHINA,25.954,101.254,33,5.6
2003,CHINA,38.4,100.951,10,5.8
2003,JAPAN,37.812,142.619,10,7
2003,CHINA,34.712,103.834,10,5.1
2003,CHINA,27.372,103.971,33,5.6
2003,USA,51.146,178.65,33,7.8
2003,PHILIPPINES,12.025,125.416,35,6.5
2003,CHINA,27.283,103.753,33,4.7
2003,CHINA,42.905,80.515,10,6
2003,INDONESIA,-8.137,120.524,33,4.9
2003,TAIWAN,23.039,121.362,10,6.8
2003,IRAN,31.953,49.209,33,5
2003,BULGARIA,43.083,27.486,34,4.4
2003,USA,35.706,-121.102,8,6.6
2003,PANAMA,8.416,-82.824,33,6.5
2003,IRAN,28.995,58.311,10,6.6
2003,NEW CALEDONIA,-22.015,169.766,10,7.3
2004,INDONESIA,-8.31,115.788,45,5.8
2004,MEXICO,17.488,-101.303,29,6.1
2004,SLOVAKIA,48.758,19.217,5,2.2
2004,ALGERIA,36.852,3.418,10,4.4
2004,IRAN,27.695,52.397,12,5.2
2004,INDONESIA,-3.12,127.4,17,6.7
2004,PANAMA,8.358,-82.877,29,6.1
2004,INDONESIA,-3.615,135.538,17,7
2004,INDONESIA,-4.003,135.023,10,7.3
2004,JORDAN,31.675,35.551,27,5.3
2004,PAKISTAN,34.774,73.216,11,5.4
2004,INDONESIA,-0.466,100.655,56,5.1
2004,INDONESIA,-1.559,100.488,42,6
2004,BURUNDI,-3.393,29.558,10,4.7
2004,MOROCCO,35.142,-3.997,0,6.4
2004,GREECE,37.136,22.116,9,5.2
2004,CHINA,45.382,118.256,19,5.4
2004,TURKEY,39.93,40.812,,5.6
2004,TURKEY,39.847,40.874,5,5.6
2004,AFGHANISTAN,36.512,71.029,187,6.5
2004,INDONESIA,-1.549,100.54,66,5.4
2004,INDONESIA,-8.669,114.65,96,5.5
2004,INDONESIA,-9.362,122.839,66,6.7
2004,TAIWAN,24.081,121.611,45,5.2
2004,CHILE,-37.695,-73.406,21,6.6
2004,CHINA,37.506,96.758,14,5.4
2004,IRAN,29.881,51.474,67,5
2004,PAKISTAN,30.126,67.121,10,4.5
2004,PHILIPPINES,9.926,124.038,35,4.1
2004,IRAN,36.29,51.61,17,6.3
2004,RUSSIA,47.311,142.12,14,4.9
2004,SAUDI ARABIA,27.836,36.905,10,4.6
2004,CHILE,-38.854,-73.155,38,5.9
2004,TURKEY,39.766,43.979,5,5.1
2004,SLOVENIA,46.296,13.641,8,5.2
2004,AFGHANISTAN,34.89,61.852,,4.6
2004,NEW ZEALAND,-38,176.51,5,5.4
2004,AFGHANISTAN,33.426,69.524,10,5.2
2004,TURKEY,39.634,43.966,5,4
2004,TURKEY,36.833,27.815,10,5.6
2004,CHINA,27.266,103.873,6,5.4
2004,TURKEY,38.377,39.261,7,5.7
2004,JAPAN,33.07,136.618,14,7.2
2004,JAPAN,33.184,137.071,10,7.4
2004,ARGENTINA,-28.573,-65.84,22,6.1
2004,CHINA,34.682,103.781,10,5.2
2004,POLAND,54.841,19.912,10,4.8
2004,USA,35.819,-120.364,9,6
2004,NICARAGUA,11.989,-86.52,87,5.6
2004,IRAN,37.125,54.477,35,5.6
2004,TAIWAN,24.53,122.694,94,6.6
2004,CHINA,25.073,99.169,30,4.4
2004,JAPAN,37.226,138.779,16,6.6
2004,JAPAN,37.284,138.885,14,5.9
2004,ROMANIA,45.787,26.622,96,5.8
2004,CANADA,49.277,-128.772,10,6.6
2004,GREECE,35.945,23.115,74,5.2
2004,JAPAN,37.396,138.862,10,5.5
2004,INDONESIA,-8.152,124.868,10,7.5
2004,COLOMBIA,4.695,-77.508,15,7.2
2004,IRAN,32.023,48.836,37,4.8
2004,COSTA RICA,9.602,-84.172,16,6.4
2004,GUADELOUPE,15.679,-61.706,14,6.3
2004,IRAN,33.297,47.977,36,5
2004,NEW ZEALAND,-46.676,164.721,10,7.1
2004,ITALY,45.626,10.559,17,5.1
2004,INDONESIA,-3.609,135.404,10,7.1
2004,JAPAN,43.006,145.119,39,7
2004,ALGERIA,36.848,3.448,10,4.5
2004,TRINIDAD AND TOBAGO,10.49,-61.48,49,5.8
2004,GERMANY,48.115,8.077,10,4.8
2004,ALGERIA,36.865,3.421,10,4.5
2004,JAPAN,42.9,145.228,35,6.8
2004,INDIA,24.757,92.539,35,5.4
2004,JAPAN,44.119,141.793,10,5.8
2004,TURKEY,37.042,28.206,5,5.4
2004,AUSTRALIA,-49.312,161.345,10,8.1
2004,INDONESIA,3.316,95.854,30,9.1
2005,IRAN,37.103,54.574,32,5.4
2005,JAPAN,34.064,141.491,28,6.6
2005,NEW ZEALAND,-41.223,175.21,39,5.3
2005,INDONESIA,-1.198,119.933,11,6.3
2005,ECUADOR,-1.364,-80.785,17,6.1
2005,CHINA,22.526,100.709,12,4.8
2005,TURKEY,37.622,43.703,41,5.9
2005,SPAIN,37.91,-1.82,5,4.4
2005,INDONESIA,-7.037,107.819,15,4.8
2005,GUADELOUPE,15.775,-61.744,12,5.8
2005,CHINA,41.728,79.44,22,6.1
2005,INDIA,24.55,92.524,35,5.1
2005,IRAN,30.754,56.816,14,6.4
2005,PAKISTAN,30.378,68.038,52,4.9
2005,SOUTH AFRICA,-26.913,26.789,5,4.3
2005,TURKEY,39.44,40.978,11,5.6
2005,IRAN,27.095,61.887,54,6
2005,TURKEY,39.354,40.89,5,5.8
2005,INDIA,17.145,73.73,10,4.9
2005,INDIA,17.072,73.668,10,4.3
2005,JAPAN,33.807,130.131,10,6.6
2005,INDONESIA,2.085,97.108,30,8.6
2005,INDONESIA,-1.644,99.607,19,6.7
2005,CHILE,-19.987,-69.197,116,7.7
2005,USA,41.301,-125.97,10,7.2
2005,INDONESIA,1.819,97.082,21,6.7
2005,INDONESIA,-1.174,119.963,32,5.9
2005,ALBANIA,42.389,19.812,4,5.2
2005,INDONESIA,-9.948,124.48,10,5.3
2005,JAPAN,35.498,139.982,61,5.9
2005,INDIA,7.92,92.19,16,7.2
2005,CHINA,46.827,125.058,48,4.7
2005,USA,45.365,-112.615,13,5.6
2005,TURKEY,39.437,33.089,5,5.3
2005,CHINA,26.569,103.036,42,4.8
2005,VIETNAM,9.985,108.383,10,4.5
2005,IRAN,28.85,52.56,10,5.1
2005,CHINA,23.627,104.103,10,4.5
2005,CHILE,-19.78,-68.98,11,5.8
2005,INDIA,17.398,74.118,35,4.4
2005,JAPAN,38.276,142.039,36,7.2
2005,INDIA,30.924,78.56,43,4.4
2005,INDIA,17.067,73.773,10,4.7
2005,PAPUA NEW GUINEA,-4.539,153.474,90,7.7
2005,ETHIOPIA,12.471,40.634,12,5.6
2005,PERU,-5.678,-76.398,115,7.5
2005,PERU,-16.635,-70.794,20,5.3
2005,PAKISTAN,34.539,73.588,26,7.6
2005,TURKEY,38.152,26.751,10,5.9
2005,ECUADOR,-0.507,-77.745,35,4.8
2005,CHINA,23.604,107.798,10,4.2
2005,PERU,-5.852,-78.704,40,5.4
2005,JAPAN,38.107,144.896,11,7
2005,CHINA,29.695,115.689,10,5.2
2005,TURKEY,38.26,38.814,9,4.4
2005,IRAN,26.774,55.858,10,6
2005,CONGO,-6.224,29.83,22,6.8
2005,AFGHANISTAN,36.357,71.093,225,6.5
2005,INDIA,30.476,79.255,44,5.3
2005,TURKEY,38.804,26.783,14,4.3
2006,JAPAN,31.394,140.131,10,5.6
2006,GREECE,36.311,23.212,66,6.7
2006,INDONESIA,-5.473,128.131,397,7.6
2006,INDIA,27.382,88.388,30,5.3
2006,BULGARIA,41.708,25.544,10,4.6
2006,MOZAMBIQUE,-21.324,33.583,11,7
2006,BHUTAN,26.912,91.705,10,5.8
2006,IRAN,28.12,56.865,18,6
2006,INDIA,23.777,70.899,10,5.5
2006,PAKISTAN,33.129,73.887,10,4.9
2006,INDONESIA,-3.595,127.214,30,6.7
2006,ALGERIA,36.623,5.328,10,4.9
2006,IRAN,27.574,55.685,18,5.9
2006,INDONESIA,3.462,97.224,30,5
2006,IRAN,33.5,48.78,7,6.1
2006,CHINA,44.624,124.122,10,4.9
2006,TAIWAN,22.868,121.278,9,6.2
2006,PAKISTAN,34.6,73.136,10,4.8
2006,INDIA,23.322,70.477,10,5.5
2006,GREECE,37.64,20.92,18,5.5
2006,CHINA,31.607,90.413,33,5.7
2006,RUSSIA,60.949,167.089,22,7.6
2006,TONGA,-20.187,-174.123,55,7.9
2006,PANAMA,8.898,-82.543,,4.5
2006,IRAN,30.79,56.7,14,4.1
2006,INDONESIA,-5.575,105.395,17,5.5
2006,INDONESIA,-7.961,110.446,13,6.3
2006,IRAN,26.759,55.843,5,5.1
2006,TURKEY,37.605,43.787,10,4.1
2006,MALAWI,-14.52,34.28,10,3.8
2006,JAPAN,33.129,131.141,140,6.3
2006,ALBANIA,40.27,19.96,10,4.5
2006,CHINA,33.068,104.95,24,4.5
2006,INDONESIA,-9.254,107.411,34,7.7
2006,CHINA,27.995,104.138,56,4.9
2006,TAJIKISTAN,37.255,68.828,34,5.6
2006,ARGENTINA,-33.131,-68.707,22,5.6
2006,TAJIKISTAN,38.246,69.22,10,4.7
2006,FRANCE,45.84,-0.14,5,4.3
2006,CHINA,28.012,104.151,22,4.6
2006,MEXICO,26.319,-86.606,14,5.8
2006,SAMOA,-16.592,-172.033,28,6.9
2006,TRINIDAD AND TOBAGO,10.876,-61.756,53,6.1
2006,TRINIDAD AND TOBAGO,10.814,-61.758,52,5.5
2006,USA,19.878,-155.935,39,6.7
2006,PERU,-13.457,-76.677,23,6.7
2006,CHINA,31.56,113.21,10,4.5
2006,CHINA,43.469,119.558,10,4.7
2006,RUSSIA,46.592,153.266,10,8.3
2006,FRANCE,42.99,-0.05,10,4.7
2006,HUNGARY,48.195,22.46,10,4.8
2006,CHINA,44.229,83.524,20,4.7
2006,INDONESIA,-3.728,119.233,31,5.2
2006,INDONESIA,2.52,128.283,39,6.2
2006,INDONESIA,-8.251,118.777,43,6.3
2006,SWITZERLAND,47.58,7.6,5,3.9
2006,THAILAND,18.901,98.916,10,4.6
2006,INDONESIA,0.626,99.859,30,5.8
2006,INDIA,26.88,76.15,10,4.2
2006,KYRGYZSTAN,42.156,76.163,12,5.8
2006,TAIWAN,21.799,120.547,10,7
2006,HUNGARY,47.449,19.343,5,4.1
2007,KYRGYZSTAN,39.803,70.311,18,6
2007,CHINA,37.021,103.911,20,4.5
2007,CHINA,33.259,104.74,23,4.7
2007,RUSSIA,46.243,154.524,10,8.1
2007,TURKEY,39.592,42.863,3,5.1
2007,INDONESIA,1.065,126.282,22,7.5
2007,PHILIPPINES,6.614,126.24,79,4.9
2007,TURKEY,38.318,39.267,10,5.7
2007,INDONESIA,-0.493,100.498,19,6.4
2007,COLOMBIA,2.082,-76.495,43,5
2007,IRAN,33.49,48.93,16,4.7
2007,VANUATU,-20.617,169.357,34,7.1
2007,JAPAN,37.336,136.588,8,6.7
2007,GREECE,38.34,20.42,15,5.8
2007,SOLOMON ISLANDS,-8.466,157.043,24,8.1
2007,MEXICO,17.302,-100.198,34,6
2007,JAPAN,34.807,136.239,16,4.6
2007,ALBANIA,41.172,19.897,14,4.5
2007,CHILE,-45.243,-72.648,37,6.2
2007,UK,51.085,1.009,10,4.6
2007,USA,45.394,-112.13,14,4.5
2007,LAOS,20.504,100.746,24,6.3
2007,INDONESIA,-1.065,127.343,24,6.1
2007,CHINA,23.028,101.052,5,6.1
2007,GUATEMALA,13.554,-90.618,23,6.7
2007,IRAN,34.437,50.833,5,5.5
2007,ECUADOR,-3.987,-79.836,50,4.5
2007,JAPAN,37.57,138.478,10,6.6
2007,CHINA,42.913,82.378,10,5.6
2007,USA,37.804,-122.193,5,4.2
2007,TAJIKISTAN,38.936,70.485,10,5.2
2007,INDIA,30.881,78.239,19,4.3
2007,INDONESIA,2.872,127.464,25,6.9
2007,VANUATU,-15.595,167.68,120,7.2
2007,RUSSIA,47.116,141.798,5,6.2
2007,USA,51.307,-179.971,21,6.7
2007,USA,39.465,-111.237,2,4.2
2007,INDONESIA,-5.968,107.655,289,7.5
2007,PERU,-13.386,-76.603,39,8
2007,USA,39.464,-111.207,0,1.6
2007,INDIA,17.2,73.7,5,4.4
2007,IRAN,28.154,56.652,10,5
2007,SOLOMON ISLANDS,-11.61,165.762,35,7.2
2007,INDONESIA,-7.783,114.338,35,4.8
2007,COLOMBIA,2.982,-77.967,31,6.8
2007,INDONESIA,-4.438,101.367,34,8.4
2007,INDONESIA,-2.625,100.841,35,7.9
2007,JAPAN,22.013,142.668,260,7.5
2007,NEW ZEALAND,-49.418,163.954,10,7.4
2007,NEW ZEALAND,-44.785,167.583,26,6.8
2007,PAKISTAN,35.304,76.753,10,4.8
2007,USA,37.434,-121.774,10,5.6
2007,INDIA,21.181,70.724,10,5.1
2007,PHILIPPINES,9.721,124.647,72,5.1
2007,BANGLADESH,22.15,92.388,29,5.1
2007,CHILE,-22.247,-69.89,40,7.7
2007,ECUADOR,-2.312,-77.838,123,6.8
2007,IRAN,31.68,49.93,7,4.8
2007,INDONESIA,-8.277,118.339,35,6.5
2007,INDIA,28.555,77.057,10,4.7
2007,MARTINIQUE,14.944,-61.274,156,7.4
2007,BRAZIL,-15.048,-44.231,10,4.6
2007,KERMADEC ISLANDS (NEW ZEALAND),-25.996,-177.514,153,7.8
2007,CHILE,-32.689,-71.695,25,5.9
2007,NEW ZEALAND,-39.011,178.291,20,6.6
2007,TURKEY,39.417,33.212,10,5.7
2007,TURKEY,39.446,33.162,8,5.6
2008,KYRGYZSTAN,40.288,72.985,6,5.6
2008,GUATEMALA,14.129,-91.479,66,5.6
2008,INDONESIA,-0.795,134.012,12,5.9
2008,ALGERIA,35.616,-0.57,10,4.6
2008,BANGLADESH,22.761,92.333,34,5
2008,INDONESIA,1.011,97.442,20,6.1
2008,CONGO,-2.296,28.9,10,5.9
2008,INDIA,23.433,87.111,10,4.3
2008,MEXICO,32.456,-115.315,3,5.1
2008,IRAN,31.73,51.2,14,4.9
2008,RWANDA,-2.404,28.918,10,4.9
2008,LEBANON,33.327,35.305,10,5
2008,INDONESIA,2.768,95.964,26,7.4
2008,USA,41.153,-114.867,7,6
2008,INDONESIA,-2.486,99.972,25,6.5
2008,UK,53.403,-0.332,18,4.8
2008,BRAZIL,-3.7,-40.35,10,4.3
2008,INDIA,23.33,70.592,10,4.5
2008,CHINA,35.49,81.467,10,7.2
2008,PERU,-12.178,-77.164,51,5.3
2008,NEW CALEDONIA,-20.071,168.892,33,7.3
2008,GUATEMALA,13.564,-90.599,33,6.1
2008,USA,38.452,-87.886,14,5.3
2008,USA,39.52,-119.93,1,5
2008,VANUATU,-19.941,168.953,32,6.4
2008,IRAN,33.86,48.59,16,4.5
2008,JAPAN,36.158,141.521,39,6.8
2008,CHINA,31.002,103.322,19,7.9
2008,BRAZIL,-3.91,-40.44,10,
2008,COLOMBIA,4.33,-73.764,9,5.6
2008,CHINA,32.57,105.424,10,6
2008,COSTA RICA,8.423,-82.968,13,5.6
2008,CHINA,32.71,105.54,10,5.7
2008,ICELAND,64.004,-21.012,10,6.3
2008,ALGERIA,35.883,-0.658,4,5.5
2008,INDIA,24.702,84.964,11,3.8
2008,GREECE,37.963,21.525,16,6.3
2008,JAPAN,39.03,140.881,8,6.9
2008,PERU,-10.368,-75.512,33,5.5
2008,IRAN,35.5,58.8,10,5
2008,RUSSIA,53.882,152.886,633,7.7
2008,PERU,-15.986,-71.748,123,6.2
2008,JAPAN,37.552,142.214,22,6.9
2008,JAPAN,39.802,141.464,108,6.8
2008,CHINA,32.747,105.542,10,5.6
2008,USA,33.953,-117.761,15,5.4
2008,CHINA,32.036,104.722,7,5.7
2008,CHINA,32.756,105.494,6,6
2008,VENEZUELA,10.514,-64.171,13,5.2
2008,PHILIPPINES,12.897,124.319,10,6
2008,CHINA,25.051,97.919,46,5
2008,CHINA,25.044,97.684,1,6
2008,NEW ZEALAND,-39.715,176.851,32,5.5
2008,CHINA,30.901,83.52,12,6.7
2008,ATLANTIC OCEAN,-52.533,26.417,10,5
2008,RUSSIA,51.607,104.158,16,6.2
2008,CHINA,26.272,101.937,17,5.9
2008,TURKEY,37.507,38.503,6,4.1
2008,INDONESIA,-3.935,103.058,25,5.4
2008,IRAN,26.743,55.828,12,6.1
2008,JAPAN,41.892,143.754,25,6.8
2008,INDIA,17.438,73.915,10,5
2008,KYRGYZSTAN,39.533,73.824,27,6.6
2008,CHINA,29.807,90.35,12,6.3
2008,RUSSIA,43.372,46.254,16,5.7
2008,PAKISTAN,30.639,67.351,15,6.4
2008,PAKISTAN,30.598,67.455,14,6.4
2008,CHINA,37.565,95.833,19,6.3
2008,INDONESIA,1.271,122.091,30,7.3
2008,PANAMA,8.267,-82.967,32,6.1
2008,CZECH REPUBLIC,49.914,18.455,,4.1
2008,IRAN,26.99,55.8,15,5.4
2008,CHINA,32.518,105.395,25,4.5
2008,ARGENTINA,-32.938,-69.259,10,4.1
2008,CHINA,23.97,97.569,35,4.8
2008,MYANMAR (BURMA),23.97,97.569,35,4.7
2008,AFGHANISTAN,36.401,71.075,158,5.8
2009,INDONESIA,-0.414,132.885,17,7.6
2009,INDONESIA,-0.691,133.305,23,7.3
2009,COSTA RICA,10.165,-84.197,14,6.1
2009,RUSSIA,46.857,155.154,36,7.4
2009,PERU,-11.779,-75.626,10,4.6
2009,INDONESIA,3.884,126.397,22,7.2
2009,PAKISTAN,34.204,73.899,10,5.4
2009,CHINA,40.657,78.692,17,5.5
2009,TONGA,-23.046,-174.659,34,7.6
2009,INDIA,22.399,85.903,10,4.1
2009,NICARAGUA,13.452,-86.06,36,4.4
2009,ITALY,42.334,13.334,9,6.3
2009,ITALY,42.275,13.464,15,5.5
2009,INDIA,27.143,70.749,44,5.2
2009,AFGHANISTAN,34.185,70.076,6,5.4
2009,SAUDI ARABIA,25.212,37.597,10,4.6
2009,SAUDI ARABIA,25.292,37.744,2,5.7
2009,INDIA,33.198,75.787,21,4.9
2009,MACEDONIA,41.303,22.714,0,5.3
2009,HONDURAS,16.72,-86.236,10,7.3
2009,VANUATU,-17.026,168.329,13,5.7
2009,VANUATU,-17.757,167.949,15,6.3
2009,KAZAKHSTAN,44.724,78.864,15,5.4
2009,GREECE,34.164,25.471,19,6.4
2009,PANAMA,9.59,-78.966,38,6
2009,CHINA,25.632,101.095,7,5.7
2009,NEW ZEALAND,-45.762,166.562,12,7.8
2009,CHINA,31.158,85.902,13,5.8
2009,CHINA,29.358,105.438,10,3.4
2009,INDIA,14.099,92.888,5,7.5
2009,JAPAN,34.743,138.264,40,6.4
2009,INDONESIA,-1.479,99.49,20,6.7
2009,CHINA,37.696,95.718,13,6.2
2009,MYANMAR (BURMA),25.28,95.101,82,5.2
2009,INDONESIA,-7.782,107.297,46,7
2009,GEORGIA,42.66,43.443,15,6
2009,VENEZUELA,10.705,-67.92,10,6.3
2009,PHILIPPINES,6.513,124.715,10,5.7
2009,INDONESIA,-9.138,115.593,79,5.7
2009,BHUTAN,27.332,91.437,14,6.1
2009,AUSTRALIA,-38.28,145.25,0,3.1
2009,SAMOA,-15.489,-172.095,18,8.1
2009,INDONESIA,-0.72,99.867,81,7.5
2009,INDONESIA,-2.515,101.501,10,6.6
2009,VANUATU,-13.006,166.51,45,7.6
2009,SOLOMON ISLANDS,-12.517,166.382,35,7.8
2009,ECUADOR,-0.962,-77.817,35,5.4
2009,AFGHANISTAN,36.517,70.95,18,6.1
2009,BHUTAN,27.262,91.417,26,5.3
2009,CHINA,25.962,100.825,25,4.9
2009,IRAN,27.334,56.202,14,5.1
2009,INDONESIA,-8.207,118.631,18,6.6
2009,VENEZUELA,10.434,-69.715,7,5.4
2009,SOUTH AFRICA,-26.414,27.494,2,3.5
2009,MALAWI,-9.948,33.878,8,5.9
2009,INDIA,17.109,73.767,10,5.1
2009,JAPAN,34.921,139.261,7,4.9
2009,TAIWAN,23.796,121.605,57,6.4
2009,MALAWI,-10.108,33.818,6,6
2009,MEXICO,32.437,-115.165,9,5.9
2009,BHUTAN,27.319,91.51,10,5.2
2010,TAJIKISTAN,38.245,71.467,47,5.1
2010,SOLOMON ISLANDS,-8.743,157.477,26,6.6
2010,SOLOMON ISLANDS,-8.799,157.346,25,7.1
2010,SOLOMON ISLANDS,-9.019,157.551,15,6.8
2010,INDONESIA,-7.907,107.879,65,5.1
2010,USA,40.652,-124.692,29,6.5
2010,HAITI,18.457,-72.533,13,7
2010,VENEZUELA,10.454,-63.475,8,5.5
2010,IRAN,32.45,48.3,5,5
2010,CHINA,25.558,105.804,27,4.4
2010,CHINA,30.268,105.668,10,4.7
2010,CHINA,25.523,101.903,36,4.8
2010,JAPAN,25.93,128.425,25,7
2010,CHILE,-36.122,-72.898,23,8.8
2010,ARGENTINA,-24.872,-65.602,10,6.3
2010,TAIWAN,22.918,120.795,21,6.3
2010,TURKEY,38.864,39.986,12,6.1
2010,CHILE,-34.29,-71.891,11,6.9
2010,INDIA,13.667,92.831,34,6.7
2010,MEXICO,32.297,-115.278,4,7.2
2010,INDONESIA,2.383,97.048,31,7.8
2010,CHINA,33.165,96.548,17,6.9
2010,AFGHANISTAN,35.633,67.658,13,5.6
2010,AUSTRALIA,-30.794,121.406,0,5.2
2010,INDIA,30.099,80.026,36,4.5
2010,PERU,-18.058,-70.547,37,6.2
2010,INDONESIA,3.748,96.018,38,7.2
2010,ALGERIA,35.9,4.12,2,5.2
2010,USA TERRITORY,18.4,-67.07,113,5.8
2010,USA TERRITORY,16.591,145.682,10,4.4
2010,INDIA,7.881,91.936,35,7.5
2010,USA,32.7,-115.921,5,5.8
2010,INDONESIA,-2.174,136.543,18,7
2010,INDIA,13.197,93.087,20,5.9
2010,INDIA,29.872,80.428,16,5.2
2010,CANADA,45.88,-75.48,22,5.2
2010,MEXICO,16.396,-97.782,20,6.2
2010,IRAN,27.022,53.861,10,5.8
2010,PHILIPPINES,6.486,123.467,586,7.6
2010,IRAN,35.217,59.308,24,5.4
2010,VANUATU,-17.541,168.069,25,7.2
2010,ECUADOR,-1.266,-77.306,207,7.1
2010,USA TERRITORY,12.484,141.476,10,6.9
2010,IRAN,35.49,54.47,7,5.7
2010,CHINA,27.197,103.005,35,4.9
2010,NEW ZEALAND,-43.522,171.83,12,7
2010,NEW ZEALAND,-43.57,172.388,9,5
2010,NEW ZEALAND,-40.433,176.818,21,5.1
2010,NEW ZEALAND,-43.598,172.69,6,5
2010,BANGLADESH,23.407,90.648,10,4.8
2010,IRAN,29.647,51.665,27,5.8
2010,PAKISTAN,33.869,72.887,33,5.2
2010,INDONESIA,-3.487,100.082,20,7.8
2010,SERBIA,43.76,20.673,1,5.5
2010,IRAN,33.37,48.94,5,4.9
2010,PAKISTAN,30.178,67.117,27,4.7
2010,ETHIOPIA,7.521,37.839,10,5.1
2010,USA,35.827,-96.772,5,3.7
2010,IRAN,28.412,59.18,12,6.5
2010,JAPAN,26.901,143.698,14,7.4
2010,VANUATU,-19.702,167.947,16,7.3
2010,NEW ZEALAND,-43.55,172.647,5,4.5
2011,IRAN,30.16,51.62,24,4.5
2011,VANUATU,-19.157,168.311,24,6.5
2011,PAKISTAN,28.777,63.951,68,7.2
2011,CHINA,24.693,97.943,31,4.8
2011,MYANMAR (BURMA),24.618,94.68,85,6.3
2011,CHILE,-36.474,-73.125,28,6.8
2011,USA,38.947,-107.497,1,3.1
2011,NEW ZEALAND,-43.583,172.68,6,6.1
2011,PHILIPPINES,9.457,125.935,50,5.5
2011,JAPAN,38.435,142.842,32,7.5
2011,CHINA,24.719,97.969,26,5.5
2011,JAPAN,38.297,142.372,30,9.1
2011,JAPAN,36.281,141.111,43,7.9
2011,JAPAN,38.058,144.59,19,7.6
2011,MYANMAR (BURMA),20.687,99.822,8,6.8
2011,NEPAL,29.698,80.754,26,5.4
2011,JAPAN,38.276,141.588,42,7.1
2011,CHINA,31.373,100.757,43,5.1
2011,JAPAN,37.001,140.401,11,6.6
2011,INDONESIA,-4.586,122.771,8,6.1
2011,NEW CALEDONIA,-20.244,168.226,11,6.8
2011,SPAIN,37.699,-1.672,1,5.1
2011,TURKEY,39.12,29.04,7,4.3
2011,CHINA,43.015,88.247,21,5.3
2011,NEW ZEALAND,-43.564,172.743,6,6
2011,CHINA,25.075,98.721,39,5.3
2011,USA,52.05,-171.836,52,7.3
2011,CHINA,32.447,95.948,29,5.3
2011,KERMADEC ISLANDS (NEW ZEALAND),-29.539,-176.34,17,7.6
2011,JAPAN,38.034,143.264,23,7
2011,UZBEKISTAN,40.081,71.41,20,6.1
2011,CHINA,24.932,98.73,40,5
2011,CHINA,39.955,77.028,10,5.7
2011,VANUATU,-18.365,168.143,32,7.1
2011,VANUATU,-18.311,168.218,28,7
2011,USA,37.063,-104.701,4,5.4
2011,USA,37.936,-77.933,6,5.8
2011,USA,52.171,-171.708,32,6.8
2011,INDONESIA,2.965,97.893,91,6.7
2011,INDIA,28.724,77.189,10,4.3
2011,INDIA,27.73,88.155,50,6.9
2011,GUATEMALA,14.186,-90.238,9,5.6
2011,INDIA,21.211,70.533,10,5
2011,KERMADEC ISLANDS (NEW ZEALAND),-28.993,-176.238,33,7.4
2011,TURKEY,38.722,43.513,16,7.1
2011,PERU,-14.438,-75.966,24,6.9
2011,INDIA,27.449,88.684,10,3.5
2011,ECUADOR,-0.13,-78.37,3,4
2011,CHINA,43.648,82.437,28,5.6
2011,USA,35.532,-96.765,5,5.7
2011,PHILIPPINES,7.904,125.185,46,5
2011,USA,35.531,-96.788,5,5
2011,TURKEY,38.429,43.229,5,5.7
2011,INDIA,24.955,95.236,114,5.8
2011,EL SALVADOR,13.297,-87.898,43,5.1
2011,CHINA,38.31,76.888,32,5.3
2011,NEW ZEALAND,-41.364,174.315,56,5.3
2011,MEXICO,17.844,-99.963,54,6.4
2011,NEW ZEALAND,-43.49,172.8,10,5.8
2011,RUSSIA,51.842,95.911,15,6.7
2012,IRAN,36.288,58.835,8,5.3
2012,PERU,-14.168,-75.635,43,6.4
2012,VANUATU,-17.827,167.133,23,7
2012,PHILIPPINES,9.999,123.206,11,6.7
2012,TAIWAN,22.661,120.891,28,5.9
2012,IRAN,31.428,56.778,10,5.2
2012,PHILIPPINES,12.354,123.7,37,5.6
2012,VANUATU,-19.125,169.613,16,6.7
2012,JAPAN,40.887,144.944,12,6.9
2012,PHILIPPINES,10.037,125.633,18,5.8
2012,MEXICO,16.493,-98.231,20,7.4
2012,CHILE,-35.2,-72.217,41,7.2
2012,INDONESIA,2.327,93.063,20,8.6
2012,INDONESIA,0.802,92.463,25,8.2
2012,VANUATU,-18.972,168.741,11,6.3
2012,CHILE,-32.625,-71.365,29,6.7
2012,IRAN,32.747,47.726,10,5.4
2012,AZERBAIJAN,41.549,46.789,11,5.7
2012,INDIA,26.175,92.889,43,5.4
2012,TAJIKISTAN,38.612,70.354,10,5.7
2012,CHILE,-17.678,-69.591,10,6.3
2012,BRAZIL,-16.764,-43.999,10,4.1
2012,ITALY,44.89,11.23,6,6.1
2012,ITALY,44.831,11.49,5,5.1
2012,BULGARIA,42.645,22.968,10,5.6
2012,ITALY,44.851,11.086,10,5.9
2012,INDONESIA,-7.692,106.371,50,5.8
2012,TURKEY,36.42,28.88,35,6.1
2012,AFGHANISTAN,36.023,69.351,16,5.8
2012,TURKEY,37.294,42.325,5,5.3
2012,CHINA,27.767,100.781,10,5.5
2012,CHINA,43.433,84.7,18,6.3
2012,CHINA,32.978,119.593,10,4.9
2012,INDONESIA,2.707,96.045,22,6.5
2012,SOLOMON ISLANDS,-9.694,159.727,20,6.4
2012,IRAN,38.329,46.826,11,6.5
2012,RUSSIA,49.8,145.064,583,7.7
2012,INDONESIA,-1.315,120.096,10,6.3
2012,NICARAGUA,12.139,-88.59,28,7.3
2012,PHILIPPINES,10.811,126.638,28,7.6
2012,COSTA RICA,10.085,-85.315,35,7.6
2012,CHINA,27.575,103.983,10,5.6
2012,INDIA,23.739,81.314,10,5
2012,CANADA,52.788,-132.101,14,7.7
2012,GUATEMALA,13.988,-91.895,24,7.3
2012,MYANMAR (BURMA),23.005,95.885,14,6.8
2012,CHINA,40.411,90.355,10,5.1
2012,IRAN,33.506,59.571,14,5.7
2012,JAPAN,37.89,143.949,31,7.2
2013,USA,55.393,-134.652,10,7.5
2013,INDONESIA,4.927,95.907,12,6.1
2013,SOLOMON ISLANDS,-10.799,165.114,24,7.9
2013,SOLOMON ISLANDS,-10.928,166.018,21,7
2013,COLOMBIA,1.135,-77.393,145,7
2013,RUSSIA,55.15,61.41,,4.2
2013,CHINA,27.226,103.071,10,4.9
2013,PERU,-15.748,-71.425,8,5.3
2013,CHINA,25.98,99.812,8,5.4
2013,CHINA,40.119,77.466,10,5.1
2013,TAIWAN,23.828,121.215,19,6
2013,IRAN,28.428,51.593,12,6.3
2013,HONDURAS,15.52,-87.159,4,5.4
2013,JAPAN,34.369,134.828,14,5.8
2013,IRAN,28.033,61.996,80,7.7
2013,JAPAN,33.958,139.352,9,5.8
2013,USA,31.817,-97.088,0,2.1
2013,RUSSIA,46.221,150.788,110,7.2
2013,CHINA,30.308,102.888,14,6.6
2013,MEXICO,18.081,-102.182,30,6
2013,AFGHANISTAN,34.526,70.22,64,5.5
2013,INDIA,33.061,75.863,15,5.7
2013,IRAN,26.56,57.77,15,6.1
2013,ALGERIA,36.703,5.261,7,4.9
2013,RUSSIA,54.892,153.221,598,8.3
2013,PHILIPPINES,7.275,124.898,10,5.7
2013,TAIWAN,23.789,121.141,17,6.3
2013,GREECE,34.4,25.02,10,6.2
2013,RUSSIA,54.263,86.173,10,5.3
2013,INDONESIA,-8.305,116.058,47,5.1
2013,INDONESIA,4.645,96.665,13,6.1
2013,INDONESIA,-8.803,113.002,60,5.7
2013,ALGERIA,36.534,3.086,10,4.8
2013,NEW ZEALAND,-41.704,174.337,17,6.5
2013,CHINA,34.512,104.262,8,6
2013,INDIA,33.297,75.95,42,5.2
2013,GREECE,38.689,22.695,0,5.5
2013,CHINA,30.046,97.957,6,5.7
2013,NEW ZEALAND,-41.731,174.027,12,6.5
2013,MEXICO,16.878,-99.498,21,6.2
2013,CHINA,28.239,99.328,10,5.2
2013,CHINA,28.243,99.35,8,5.8
2013,GUATEMALA,14.606,-92.121,66,6.4
2013,PAKISTAN,26.951,65.501,15,7.7
2013,PERU,-16.15,-74.87,31,7.1
2013,PAKISTAN,27.183,65.505,12,6.8
2013,GREECE,35.514,23.252,40,6.6
2013,PHILIPPINES,9.88,124.117,19,7.1
2013,INDONESIA,5.103,95.971,10,5.5
2013,JAPAN,37.2,144.6,10,7.1
2013,TAJIKISTAN,38.41,68.89,23,5.2
2013,ANTARCTICA,-60.274,-46.401,10,7.7
2013,CHINA,44.599,124.168,10,5.3
2013,IRAN,29.275,51.313,4,5.7
2014,IRAN,27.15,54.448,8,5.3
2014,COLOMBIA,4.557,-76.644,54,5.6
2014,USA TERRITORY,19.043,-66.81,20,6.4
2014,NEW ZEALAND,-40.66,175.814,28,6.1
2014,INDONESIA,-7.986,109.265,66,6.1
2014,GREECE,38.208,20.453,8,6.1
2014,IRAN,26.589,57.741,10,5.3
2014,GREECE,38.244,20.379,4,6
2014,USA,35.937,-97.271,5,4.1
2014,CHINA,35.905,82.586,10,6.9
2014,AUSTRALIA,-30.686,121.332,1,4.5
2014,JAPAN,33.684,131.825,79,6.3
2014,CHILE,-19.965,-70.814,21,6.7
2014,USA,33.863,-117.835,4,5.1
2014,CHILE,-19.61,-70.769,25,8.2
2014,CHILE,-20.571,-70.493,22,7.7
2014,CHINA,28.174,103.619,25,5.4
2014,NICARAGUA,12.403,-86.378,13,6.1
2014,PAPUA NEW GUINEA,-6.586,155.049,61,7.1
2014,SOLOMON ISLANDS,-11.27,162.148,23,7.6
2014,SOLOMON ISLANDS,-11.463,162.051,39,7.4
2014,NICARAGUA,12.151,-86.281,10,5.2
2014,MEXICO,17.397,-100.972,24,7.2
2014,PAPUA NEW GUINEA,-6.755,155.024,43,7.5
2014,THAILAND,19.656,99.67,6,6.1
2014,MEXICO,17.235,-100.746,17,6.4
2014,PAKISTAN,26.387,68.358,15,4.5
2014,GERMANY,49.799,8.69,5,3.6
2014,ALBANIA,41.115,19.777,10,5
2014,GREECE,40.24,25.33,23,6.9
2014,CHINA,25,97.845,10,5.9
2014,NEW ZEALAND,-29.977,-177.725,20,6.9
2014,USA,51.849,178.735,109,7.9
2014,MEXICO,14.728,-92.578,67,6.9
2014,JAPAN,37.005,142.453,20,6.5
2014,USA,35.524,-97.146,5,3.9
2014,USA,58.306,-136.96,10,6.1
2014,MEXICO,17.682,-95.653,107,6.3
2014,ALGERIA,36.841,3.301,30,5.5
2014,CHINA,27.189,103.409,12,6.2
2014,SOUTH AFRICA,-26.99,26.705,5,5.5
2014,ECUADOR,-0.018,-78.322,12,5.1
2014,CHINA,28.125,103.546,10,5
2014,IRAN,32.663,47.673,6,6.2
2014,USA,38.216,-122.312,11,6.1
2014,PHILIPPINES,6.864,125.233,26,5.2
2014,PERU,-13.843,-71.695,10,5.1
2014,CHINA,23.383,100.47,9,6.1
2014,CHILE,-32.108,-110.811,17,7
2014,EL SALVADOR,12.526,-88.123,40,7.3
2014,INDONESIA,1.893,126.522,45,7.1
2014,CHINA,30.34,101.737,9,5.9
2014,JAPAN,36.641,137.888,9,6.2
2014,CHINA,23.358,100.533,10,5.6
2014,ALGERIA,36.492,3.025,7,4.9
2015,CHINA,29.353,103.199,10,5.3
2015,JAPAN,39.856,142.881,23,6.7
2015,VANUATU,-16.431,168.148,10,6.4
2015,CHINA,23.01,101.755,10,4.5
2015,BOSNIA-HERZEGOVINA,44.534,18.934,7,3.6
2015,CHINA,44.133,85.568,12,5.1
2015,PAKISTAN,34.671,73.278,30,5.4
2015,PERU,-15.693,-71.934,10,4.5
2015,CHINA,23.5,98.9,11,5.5
2015,SERBIA,44.088,19.861,20,4.4
2015,COLOMBIA,6.8,-73.01,184,6.2
2015,CHINA,33.15,115.8,10,4.6
2015,PAPUA NEW GUINEA,-4.729,152.562,41,7.5
2015,TAIWAN,24.203,122.316,29,6.4
2015,NEPAL,28.231,84.731,8,7.8
2015,JAPAN,31.529,140.213,10,5.7
2015,PAPUA NEW GUINEA,-5.462,151.875,55,7.5
2015,NEPAL,27.809,86.066,15,7.3
2015,JAPAN,27.839,140.493,664,7.8
2015,MALAYSIA,5.987,116.541,10,6
2015,INDIA,26.638,90.41,26,5.3
2015,CHINA,37.6,78.2,10,6.4
2015,PHILIPPINES,10.169,125.891,32,6.1
2015,SOLOMON ISLANDS,-9.307,158.403,12,6.7
2015,SOLOMON ISLANDS,-10.401,165.141,11,7
2015,PAKISTAN,33.856,73.193,17,5.1
2015,USA,52.214,-169.399,23,6.9
2015,INDONESIA,-2.629,138.528,48,7
2015,PANAMA,8.231,-77.315,12,5.9
2015,RWANDA,-2.141,28.897,11,5.8
2015,EL SALVADOR,13.668,-88.478,10,4.5
2015,CHILE,-31.573,-71.674,22,8.3
2015,INDONESIA,-0.59,131.27,10,6.6
2015,ARGENTINA,-25.442,-64.632,33,5.8
2015,AFGHANISTAN,36.524,70.368,231,7.5
2015,INDONESIA,-8.338,124.875,20,6.5
2015,VENEZUELA,8.477,-71.365,14,5.3
2015,CHILE,-29.439,-72.105,10,6.9
2015,JAPAN,31.001,128.873,12,6.7
2015,GREECE,38.67,20.6,11,6.5
2015,KYRGYZSTAN,40.376,73.204,18,5.6
2015,SOLOMON ISLANDS,-8.899,158.422,13,6.8
2015,VENEZUELA,8.48,-71.42,5,5.1
2015,PERU,-10.77,-71.41,636,7.6
2015,PERU,-10.07,-70.98,606,7.6
2015,TAJIKISTAN,38.211,72.78,22,7.2
2015,MEXICO,15.802,-93.633,85,6.6
2015,AFGHANISTAN,36.494,71.126,206,6.3
2016,INDIA,24.804,93.651,55,6.7
2016,INDONESIA,-3.873,127.229,4,5.6
2016,USA,59.658,-153.452,126,7.1
2016,MOROCCO,35.649,-3.682,12,6.3
2016,TAIWAN,22.97,120.46,10,6.4
2016,INDONESIA,-4.952,94.33,24,7.8
2016,AFGHANISTAN,36.473,71.131,212,6.6
2016,MYANMAR (BURMA),23.094,94.865,136,6.9
2016,JAPAN,32.791,130.754,10,7
2016,ECUADOR,0.35,-80.16,17,7.8
2016,VANUATU,-16.043,167.379,24,7
2016,CHINA,32.022,95.027,8,5.2
2016,ECUADOR,0.495,-79.616,30,6.9
2016,ALGERIA,36.431,3.517,11,5.4
2016,INDONESIA,-2.097,100.665,50,6.6
2016,INDONESIA,1.279,126.371,31,6.3
2016,TAJIKISTAN,38.881,70.559,10,5
2016,USA TERRITORY,18.543,145.507,196,7.7
2016,CHINA,24.134,111.478,25,4.9
2016,INDONESIA,-8.194,117.814,21,5.6
2016,NEW CALEDONIA,-22.477,173.117,16,7.2
2016,PERU,-15.64,-71.68,8,5.5
2016,SOUTH GEORGIA AND THE SOUTH SANDWICH ISLANDS,-55.285,-31.877,10,7.4
2016,JAPAN,40.394,143.68,10,6
2016,ITALY,42.704,13.238,4,6.2
2016,MYANMAR (BURMA),20.923,94.569,82,6.8
2016,NEW ZEALAND,-37.359,179.146,19,7
2016,TANZANIA,-1.036,31.618,40,5.9
2016,MACEDONIA,42.008,21.488,13,5.1
2016,SOUTH KOREA,35.781,129.216,13,5.4
2016,RWANDA,-2.65,29.06,10,4.8
2016,NICARAGUA,12.442,-86.515,8,5.5
2016,PAKISTAN,34.905,73.682,10,5.4
2016,JAPAN,35.374,133.809,6,6.2
2016,ITALY,42.956,13.067,10,6.1
2016,ITALY,42.84,13.11,9,6.6
2016,USA,35.988,-96.805,3,5
2016,NEW ZEALAND,-42.737,173.054,15,7.8
2016,JAPAN,37.393,141.387,9,6.9
2016,NICARAGUA,11.96,-88.835,33,6.9
2016,CHINA,39.273,73.978,17,6.6
2016,NEPAL,27.802,86.532,10,5.4
2016,POLAND,51.613,16.157,5,4.2
2016,COSTA RICA,9.949,-83.807,1,5.3
2016,PERU,-15.44,-70.93,10,6.2
2016,INDONESIA,5.283,96.168,13,6.5
2016,CHINA,43.823,86.345,18,6
2016,SOLOMON ISLANDS,-10.681,161.327,40,7.8
2016,SOLOMON ISLANDS,-10.749,161.132,20,6.9
2016,PAPUA NEW GUINEA,-4.505,153.522,95,7.9
2016,ECUADOR,0.93,-79.84,6,5.4
2016,CHILE,-43.517,-74.391,30,7.6
2017,INDIA,24.015,92.018,32,5.7
2017,FIJI,-19.373,176.052,12,6.9
2017,IRAN,28.2,53.107,10,5
2017,MADAGASCAR,-20.16,46.647,7,5.5
2017,ITALY,42.529,13.282,9,5.7
2017,PAPUA NEW GUINEA,-6.246,155.172,135,7.9
2017,TURKEY,39.599,26.065,10,5.3
2017,COLOMBIA,3.449,-74.672,38,5.5
2017,PAKISTAN,25.191,63.264,29,6.3
2017,PHILIPPINES,9.907,125.452,15,6.5
2017,ZAMBIA,-8.44,30.031,30,5.9
2017,PHILIPPINES,9.831,125.496,11,5.7
2017,MYANMAR (BURMA),17.399,96,10,5.1
2017,INDONESIA,-8.492,115.323,112,5.6
2017,CHINA,25.938,99.841,28,5
2017,IRAN,35.776,60.436,13,6.1
2017,PHILIPPINES,13.77,120.935,14,5.9
2017,EL SALVADOR,13.766,-89.155,10,4.8
2017,CHILE,-33.038,-72.062,28,6.9
2017,PHILIPPINES,5.504,125.066,26,6.9
2017,CANADA,59.852,-136.677,1,6.2
2017,TAJIKISTAN,39.494,71.444,11,6
2017,CHINA,37.643,75.31,8,5.4
2017,AZERBAIJAN,39.816,48.57,63,5.1
2017,IRAN,37.769,57.206,8,5.6
2017,TANZANIA,-3.043,32.888,10,4.4
2017,TURKEY,38.764,27.778,3,4.9
2017,INDONESIA,-1.292,120.431,12,6.6
2017,GREECE,38.93,26.365,12,6.3
2017,GUATEMALA,14.909,-92.009,93,6.9
2017,NEPAL,27.64,85.17,,3.2
2017,GUATEMALA,13.717,-90.972,38,6.8
2017,MOZAMBIQUE,-19.45,34.488,27,5.6
2017,PHILIPPINES,11.127,124.629,11,6.5
2017,RUSSIA,54.443,168.857,10,7.7
2017,PERU,-16.416,-73.636,44,6.4
2017,TURKEY,36.929,27.414,7,6.6
2017,CHILE,-33.201,-70.614,99,5.4
2017,CHINA,33.193,103.855,9,6.5
2017,CHINA,44.302,82.832,20,6.3
2017,PERU,-16.299,-73.474,41,5.6
2017,PERU,-10.721,-74.566,32,5.8
2017,ITALY,40.783,13.939,3,4.2
2017,PHILIPPINES,10.954,124.707,17,5
2017,MEXICO,14.761,-94.103,46,8.2
2017,MEXICO,18.339,-98.68,39,7.1
2017,MEXICO,16.626,-95.078,10,6.1
2017,PHILIPPINES,7.562,124.743,8,5.7
2017,NEW CALEDONIA,-21.697,169.149,24,6.7
2017,INDONESIA,-3.745,127.752,6,6.1
2017,NEW CALEDONIA,-21.648,168.859,22,6.6
2017,IRAN,34.911,45.959,19,7.3
2017,COSTA RICA,9.515,-84.487,19,6.5
2017,SOUTH KOREA,36.074,129.27,10,5.5
2017,CHINA,29.833,94.984,8,6.4
2017,INDONESIA,2.465,128.148,8,5.8
2017,NEW CALEDONIA,-21.638,168.673,14,6.3
2017,NEW CALEDONIA,-21.503,168.598,13,6.6
2017,NEW CALEDONIA,-21.325,168.672,10,7
2017,CHINA,29.349,108.058,10,5.1
2017,IRAN,30.746,57.307,9,6.1
2017,INDONESIA,-7.492,108.174,90,6.5
2017,IRAN,35.649,50.962,10,4.9
2017,IRAN,35.716,51.256,10,4
2018,MONTENEGRO,42.66,19.862,10,5.1
2018,IRAN,34.585,45.77,10,5
2018,NETHERLANDS,53.2,6.6,,3.4
2018,HONDURAS,17.483,-83.52,19,7.5
2018,IRAN,33.713,45.724,10,5.5
2018,PERU,-15.982,-74.512,38,7.1
2018,INDONESIA,-7.092,105.963,48,5.9
2018,USA,56.004,-149.166,14,7.9
2018,AFGHANISTAN,36.526,70.851,194,6.2
2018,ECUADOR,-1.744,-77.672,21,5.2
2018,TAIWAN,24.134,121.659,17,6.4
2018,MEXICO,16.386,-97.979,22,7.2
2018,PAPUA NEW GUINEA,-6.07,142.754,25,7.5
2018,PAPUA NEW GUINEA,-6.17,142.468,16,6.1
2018,PAPUA NEW GUINEA,-6.307,142.62,10,6
2018,PAPUA NEW GUINEA,-6.294,142.607,10,6.7
2018,IRAN,34.456,45.764,10,5.3
2018,VENEZUELA,8.346,-71.664,10,4.9
2018,PAPUA NEW GUINEA,-5.841,142.49,10,6.3
2018,JAPAN,35.262,132.541,8,5.6
2018,ITALY,43.093,13.046,5,4.7
2018,INDONESIA,-7.21,109.65,4,4.4
2018,TURKEY,37.596,38.514,10,5.2
2018,IRAN,30.715,51.485,10,5.3
2018,SOUTH AFRICA,-26.4,27.5,,2.1
2018,USA,19.37,-155.032,5,6.9
2018,POLAND,50.11,18.71,10,4.1
2018,JAPAN,31.444,140.193,10,5.4
2018,EL SALVADOR,13.095,-88.099,10,5.6
2018,AFGHANISTAN,36.99,71.369,112,6.2
2018,COMOROS,-12.778,45.593,17,5.8
2018,CHINA,45.279,124.557,10,5.1
2018,AZERBAIJAN,41.526,46.785,24,5.3
2018,COLOMBIA,1.032,-77.259,10,4.9
2018,JAPAN,34.833,135.612,11,5.5
2018,INDONESIA,-0.965,100.771,10,5.2
2018,IRAN,34.645,46.179,6,5.9
2018,INDONESIA,-8.274,116.491,6,6.4
2018,INDONESIA,-8.287,116.452,31,6.9
2018,INDONESIA,-8.394,116.208,10,5.9
2018,CHINA,24.322,102.941,10,5
2018,FIJI,-18.178,-178.111,563,8.2
2018,INDONESIA,-8.325,116.577,8,6.3
2018,INDONESIA,-8.324,116.626,26,6.9
2018,VENEZUELA,10.855,-62.883,154,7.3
2018,IRAN,34.663,46.277,10,6
2018,NEW CALEDONIA,-22.066,170.05,28,7.1
2018,JAPAN,42.671,141.933,33,6.6
2018,FIJI,-18.494,179.332,609,7.8
2018,IRAN,28.342,59.315,10,5.5
2018,CHINA,23.332,101.552,10,5.6
2018,INDIA,26.374,90.165,10,5.3
2018,INDONESIA,-0.178,119.84,10,7.5
2018,HAITI,20.041,-72.975,12,5.9
2018,INDONESIA,-7.456,114.453,9,6
2018,NEW CALEDONIA,-21.743,169.522,17,6.5
2018,GREECE,37.506,20.563,14,6.8
2018,INDONESIA,-2.916,119.435,9,5.6
2018,IRAN,34.304,45.74,10,6.3
2018,AFGHANISTAN,35.817,68.682,22,4.9
2018,USA,61.34,-149.937,41,7
2018,NEW CALEDONIA,-21.969,169.446,10,7.5
2018,VANUATU,-16.368,168.213,35,5.6
2018,CHINA,28.264,104.991,27,5.4
2018,MOZAMBIQUE,-20.644,32.801,8,5.5
2018,ITALY,37.555,15.166,10,5.1
2019,CHINA,28.261,104.984,10,5.2
2019,IRAN,34.121,45.681,14,5.6
2019,POLAND,51.52,16.09,2,3.8
2019,CHILE,-30.074,-71.423,53,6.7
2019,POLAND,50.08,18.39,10,3.4
2019,COLOMBIA,3.035,-75.738,10,5.6
2019,INDIA,19.9,72.8,5,3.6
2019,MEXICO,14.763,-92.298,68,6.6
2019,AZERBAIJAN,40.892,48.602,10,5.1
2019,ECUADOR,-2.199,-77.023,132,7.5
2019,CHINA,29.498,104.632,10,4.9
2019,INDONESIA,-1.301,101.601,10,5.4
2019,PERU,-14.684,-70.127,257,7
2019,INDONESIA,-8.418,116.52,24,5.5
2019,TANZANIA,-7.878,32.085,22,5.5
2019,INDONESIA,-1.852,122.553,18,6.8
2019,TAIWAN,23.989,121.693,20,6.1
2019,PHILIPPINES,14.924,120.497,20,6.1
2019,PAPUA NEW GUINEA,-6.977,146.44,127,7.2
2019,PAPUA NEW GUINEA,-4.051,152.597,10,7.6
2019,CHINA,45.205,124.611,17,4.8
2019,NETHERLANDS,53.394,6.586,10,3.2
2019,PERU,-5.796,-75.298,110,8
2019,EL SALVADOR,13.199,-89.306,58,6.6
2019,ALBANIA,40.501,20.722,10,5.2
2019,CHILE,-30.056,-72.082,11,6.4
2019,NEW ZEALAND,-30.805,-178.095,34,7.2
2019,CHINA,28.405,104.957,10,5.8
2019,JAPAN,38.646,139.472,12,6.4
2019,POLAND,50.287,18.997,,3.1
2019,USA,35.705,-117.506,11,6.4
2019,USA,35.766,-117.605,8,7.1
2019,IRAN,31.775,49.542,10,5.7
2019,PHILIPPINES,6.802,125.169,24,5.6
2019,PHILIPPINES,9.334,126.04,14,5.8
2019,INDONESIA,-0.529,128.093,10,7.3
2019,GREECE,38.115,23.505,10,5.3
2019,INDIA,20,72.9,10,3.8
2019,PHILIPPINES,20.807,121.986,10,6
2019,INDONESIA,-7.267,104.825,53,6.9
2019,TAIWAN,24.475,121.947,10,5.9
2019,TURKEY,37.948,29.697,10,5.8
2019,CHINA,29.573,105.064,10,5.1
2019,ALBANIA,41.381,19.454,10,5.6
2019,PAKISTAN,33.106,73.766,10,5.6
2019,INDONESIA,-3.45,128.347,18,6.5
2019,TURKEY,40.89,28.173,10,5.7
2019,CHILE,-40.815,-72.002,129,6.1
2019,CHILE,-35.473,-73.162,11,6.8
2019,INDONESIA,-3.65,128.216,54,5
2019,PHILIPPINES,6.712,125.005,14,6.4
2019,PHILIPPINES,6.802,125.04,15,6.6
2019,PHILIPPINES,6.91,125.156,10,6.5
2019,IRAN,37.808,47.558,10,
2019,FRANCE,44.612,4.638,10,4.8
2019,INDONESIA,-3.61,128.299,50,5
2019,INDONESIA,1.6,126.416,33,7.1
2019,PHILIPPINES,7.625,124.912,,5.9
2019,CHINA,22.96,106.711,10,5
2019,ALBANIA,41.521,19.559,20,6.4
2019,PHILIPPINES,6.708,125.188,22,6.8
2019,CHINA,29.639,104.946,10,5.2
2020,USA TERRITORY,17.916,-66.813,10,6.4
2020,CHINA,39.831,77.106,6,6
2020,TURKEY,38.39,39.081,12,6.7
2020,CUBA,19.44,-78.755,10,7.7
2020,IRAN,38.482,44.367,10,6
2020,INDONESIA,-6.808,106.676,23,5
2020,USA,40.751,-112.078,12,5.7
2020,CROATIA,45.897,15.966,10,5.4
2020,RUSSIA,48.986,157.693,57,7.5
2020,CHINA,33.124,98.916,10,5.3
2020,GREECE,34.205,25.712,17,6.6
2020,IRAN,35.725,52.044,10,4.6
2020,CHINA,27.296,103.281,10,5.2
2020,INDONESIA,-8.058,114.242,,
2020,INDONESIA,2.923,128.248,107,6.4
2020,PERU,-9.634,-78.591,57,4.5
2020,TURKEY,39.421,40.697,10,5.9
2020,NEW ZEALAND,-33.294,-177.838,10,7.4
2020,MEXICO,16.029,-95.901,26,7.4
2020,TURKEY,38.558,44.023,10,5.4
2020,PAPUA NEW GUINEA,-7.843,147.766,80,7
2020,USA,55.03,-158.522,28,7.8
2020,VIETNAM,20.872,104.541,10,4.8
2020,USA,36.476,-81.094,8,5.1
2020,PHILIPPINES,12.021,124.123,10,6.6
2020,USA,54.608,-159.655,33,7.6
2020,TURKEY,37.918,26.79,21,7
2020,CHILE,-39.343,-74.99,10,6.7
2020,CROATIA,45.422,16.255,10,6.4
2021,INDONESIA,-2.976,118.901,18,6.2
2021,IRAN,26.926,55.186,8,5.5
2021,ARGENTINA,-31.83,-68.806,20,6.4
2021,ANTARCTICA,-61.825,-55.494,10,6.9
2021,NEW CALEDONIA,-23.054,171.601,10,7.7
2021,TAJIKISTAN,38.132,73.569,91,5.9
2021,JAPAN,37.745,141.749,49,7.1
2021,COLOMBIA,6.239,-76.098,10,5.1
2021,GREECE,39.764,22.176,10,6.3
2021,NEW ZEALAND,-37.563,179.444,20,7.3
2021,NEW ZEALAND,-29.613,-177.843,55,7.4
2021,NEW ZEALAND,-29.74,-177.267,19,8.1
2021,ALGERIA,36.915,5.199,8,6
2021,CHINA,41.812,81.155,10,5.4
2021,INDONESIA,-8.562,112.519,82,6
2021,INDIA,26.782,92.436,34,6
2021,CHINA,25.761,100.011,9,6.1
2021,RWANDA,-1.601,29.4,10,4.7
2021,CONGO,-3.086,28.259,10,5
2021,INDONESIA,-3.593,129.503,10,5.8
2021,PERU,-12.687,-76.721,50,5.8
2021,TAJIKISTAN,38.959,70.572,16,5.8
2021,USA,55.325,-157.841,32,8.2
2021,PERU,-4.934,-80.602,32,6.2
2021,PHILIPPINES,6.455,126.742,65,7.1
2021,SOUTH GEORGIA AND THE SOUTH SANDWICH ISLANDS,-57.596,-25.187,63,7.5
2021,SOUTH GEORGIA AND THE SOUTH SANDWICH ISLANDS,-58.416,-25.321,48,8.1
2021,HAITI,18.408,-73.475,10,7.2
